"QNum","Title","AnsOption","AnswerText","CurrFcast","30-Day","StartDate","EndDate","LastUpdate"
1452,"GR US Biden cease","A","Before 20 January 2023","0","0, 0, 0, 0, 0, 0, 0, 0, 0, 0, 0, 0, 0, 0, 0, 0, 0, 0, 0, 0, 0, 0, 0, 0, 0, 0, 0, 0, 0, 0, 0","2021-01-29Z","2024-07-23Z","2025-01-08Z"
1452,"GR US Biden cease","B","Between 20 January 2023 and 19 January 2025","0","0, 0, 0, 0, 0, 0, 0, 0, 0, 0, 0, 0, 0, 0, 0, 0, 0, 0, 0, 0, 0, 0, 0, 0, 0, 0, 0, 0, 0, 0, 0","2021-01-29Z","2024-07-23Z","2025-01-08Z"
1452,"GR US Biden cease","C","On 20 January 2025","100","1, 1, 1, 1, 1, 1, 1, 1, 1, 1, 1, 1, 1, 1, 1, 1, 1, 1, 1, 1, 1, 1, 1, 1, 1, 1, 1, 1, 1, 1, 1","2021-01-29Z","2024-07-23Z","2025-01-08Z"
1452,"GR US Biden cease","D","Not before 21 January 2025","0","0, 0, 0, 0, 0, 0, 0, 0, 0, 0, 0, 0, 0, 0, 0, 0, 0, 0, 0, 0, 0, 0, 0, 0, 0, 0, 0, 0, 0, 0, 0","2021-01-29Z","2024-07-23Z","2025-01-08Z"
1563,"Fed 4Q24 GDP","A","Less than 0.0%","0","0, 0, 0, 0, 0, 0, 0, 0, 0, 0, 0, 0, 0, 0, 0, 0, 0, 0, 0, 0, 0, 0, 0, 0, 0, 0, 0, 0, 0, 0, 0","2022-01-28Z","2025-01-01Z","2024-12-31Z"
1563,"Fed 4Q24 GDP","B","Between 0.0% and 1.5%, inclusive","0","0, 0, 0, 0, 0, 0, 0, 0, 0, 0, 0, 0, 0, 0, 0, 0, 0, 0, 0, 0, 0, 0, 0, 0, 0, 0, 0, 0, 0, 0, 0","2022-01-28Z","2025-01-01Z","2024-12-31Z"
1563,"Fed 4Q24 GDP","C","More than 1.5% but less than 3.0%","100","0.99, 0.99, 0.99, 0.99, 0.99, 0.99, 0.99, 0.99, 0.99, 0.99, 0.99, 0.98, 0.99, 0.99, 0.99, 0.99, 0.99, 0.98, 0.98, 1, 1, 1, 1, 1, 1, 1, 1, 1, 1, 1, 1","2022-01-28Z","2025-01-01Z","2024-12-31Z"
1563,"Fed 4Q24 GDP","D","Between 3.0% and 4.5%, inclusive","0","0.01, 0.01, 0.01, 0.01, 0.01, 0.01, 0.01, 0.01, 0.01, 0.01, 0.01, 0.02, 0.01, 0.01, 0.01, 0.01, 0.01, 0.02, 0.02, 0, 0, 0, 0, 0, 0, 0, 0, 0, 0, 0, 0","2022-01-28Z","2025-01-01Z","2024-12-31Z"
1563,"Fed 4Q24 GDP","E","More than 4.5%","0","0, 0, 0, 0, 0, 0, 0, 0, 0, 0, 0, 0, 0, 0, 0, 0, 0, 0, 0, 0, 0, 0, 0, 0, 0, 0, 0, 0, 0, 0, 0","2022-01-28Z","2025-01-01Z","2024-12-31Z"
1564,"Fed 4Q24 PCE","A","Less than 1.0%","0","0, 0, 0, 0, 0, 0, 0, 0, 0, 0, 0, 0, 0, 0, 0, 0, 0, 0, 0, 0, 0, 0, 0, 0, 0, 0, 0, 0, 0, 0, 0","2022-01-28Z","2025-01-01Z","2024-12-31Z"
1564,"Fed 4Q24 PCE","B","Between 1.0% and 2.5%, inclusive","90","0.9, 0.9, 0.9, 0.9, 0.9, 0.9, 0.89, 0.89, 0.89, 0.88, 0.88, 0.86, 0.82, 0.8, 0.8, 0.8, 0.7, 0.7, 0.75, 0.7, 0.85, 0.87, 0.87, 0.88, 0.88, 0.88, 0.89, 0.9, 0.9, 0.9, 0.9","2022-01-28Z","2025-01-01Z","2024-12-31Z"
1564,"Fed 4Q24 PCE","C","More than 2.5% but less than 4.0%","10","0.1, 0.1, 0.1, 0.1, 0.1, 0.1, 0.11, 0.11, 0.11, 0.12, 0.12, 0.14, 0.18, 0.2, 0.2, 0.2, 0.3, 0.3, 0.25, 0.3, 0.15, 0.13, 0.13, 0.12, 0.12, 0.12, 0.11, 0.1, 0.1, 0.1, 0.1","2022-01-28Z","2025-01-01Z","2024-12-31Z"
1564,"Fed 4Q24 PCE","D","Between 4.0% and 5.5%, inclusive","0","0, 0, 0, 0, 0, 0, 0, 0, 0, 0, 0, 0, 0, 0, 0, 0, 0, 0, 0, 0, 0, 0, 0, 0, 0, 0, 0, 0, 0, 0, 0","2022-01-28Z","2025-01-01Z","2024-12-31Z"
1564,"Fed 4Q24 PCE","E","More than 5.5%","0","0, 0, 0, 0, 0, 0, 0, 0, 0, 0, 0, 0, 0, 0, 0, 0, 0, 0, 0, 0, 0, 0, 0, 0, 0, 0, 0, 0, 0, 0, 0","2022-01-28Z","2025-01-01Z","2024-12-31Z"
1751,"Fed 4Q25 GDP","A","Less than 0.0%","6","0.05, 0.05, 0.05, 0.05, 0.06, 0.05, 0.05, 0.05, 0.05, 0.05, 0.05, 0.05, 0.05, 0.05, 0.06, 0.06, 0.06, 0.06, 0.06, 0.06, 0.06, 0.06, 0.06, 0.06, 0.06, 0.05, 0.05, 0.06, 0.06, 0.06, 0.06","2023-02-03Z","2026-01-01Z","2025-01-08Z"
1751,"Fed 4Q25 GDP","B","Between 0.0% and 2.0%, inclusive","43","0.46, 0.46, 0.46, 0.46, 0.43, 0.43, 0.43, 0.42, 0.42, 0.42, 0.42, 0.44, 0.46, 0.46, 0.43, 0.43, 0.43, 0.43, 0.44, 0.44, 0.44, 0.42, 0.42, 0.42, 0.42, 0.43, 0.43, 0.43, 0.43, 0.43, 0.43","2023-02-03Z","2026-01-01Z","2025-01-08Z"
1751,"Fed 4Q25 GDP","C","More than 2.0% but less than 4.0%","49","0.46, 0.46, 0.46, 0.46, 0.46, 0.48, 0.48, 0.48, 0.48, 0.48, 0.48, 0.48, 0.45, 0.45, 0.46, 0.46, 0.46, 0.46, 0.46, 0.46, 0.46, 0.49, 0.49, 0.49, 0.49, 0.49, 0.49, 0.49, 0.49, 0.49, 0.49","2023-02-03Z","2026-01-01Z","2025-01-08Z"
1751,"Fed 4Q25 GDP","D","Between 4.0% and 6.0%, inclusive","2","0.03, 0.03, 0.03, 0.03, 0.05, 0.04, 0.04, 0.05, 0.05, 0.05, 0.05, 0.03, 0.04, 0.04, 0.05, 0.05, 0.05, 0.05, 0.04, 0.04, 0.04, 0.03, 0.03, 0.03, 0.03, 0.03, 0.03, 0.02, 0.02, 0.02, 0.02","2023-02-03Z","2026-01-01Z","2025-01-08Z"
1751,"Fed 4Q25 GDP","E","More than 6.0%","0","0, 0, 0, 0, 0, 0, 0, 0, 0, 0, 0, 0, 0, 0, 0, 0, 0, 0, 0, 0, 0, 0, 0, 0, 0, 0, 0, 0, 0, 0, 0","2023-02-03Z","2026-01-01Z","2025-01-08Z"
1752,"Fed 4Q25 PCE","A","Less than 1.0%","1","0.01, 0.01, 0.01, 0.01, 0.01, 0.01, 0.01, 0.01, 0.01, 0.01, 0.01, 0.01, 0.01, 0.01, 0.01, 0.01, 0.01, 0.01, 0.01, 0.01, 0.01, 0.01, 0.01, 0.01, 0.01, 0.01, 0.01, 0.01, 0.01, 0.01, 0.01","2023-02-03Z","2026-01-01Z","2025-01-08Z"
1752,"Fed 4Q25 PCE","B","Between 1.0% and 2.5%, inclusive","58","0.66, 0.66, 0.65, 0.65, 0.66, 0.66, 0.66, 0.66, 0.65, 0.65, 0.63, 0.62, 0.62, 0.62, 0.62, 0.62, 0.63, 0.62, 0.62, 0.61, 0.61, 0.61, 0.61, 0.61, 0.59, 0.59, 0.59, 0.58, 0.58, 0.58, 0.58","2023-02-03Z","2026-01-01Z","2025-01-08Z"
1752,"Fed 4Q25 PCE","C","More than 2.5% but less than 4.0%","40","0.32, 0.32, 0.33, 0.33, 0.32, 0.32, 0.32, 0.32, 0.33, 0.33, 0.35, 0.36, 0.36, 0.36, 0.36, 0.36, 0.35, 0.36, 0.36, 0.37, 0.37, 0.37, 0.37, 0.37, 0.39, 0.39, 0.39, 0.4, 0.4, 0.4, 0.4","2023-02-03Z","2026-01-01Z","2025-01-08Z"
1752,"Fed 4Q25 PCE","D","Between 4.0% and 5.5%, inclusive","1","0.01, 0.01, 0.01, 0.01, 0.01, 0.01, 0.01, 0.01, 0.01, 0.01, 0.01, 0.01, 0.01, 0.01, 0.01, 0.01, 0.01, 0.01, 0.01, 0.01, 0.01, 0.01, 0.01, 0.01, 0.01, 0.01, 0.01, 0.01, 0.01, 0.01, 0.01","2023-02-03Z","2026-01-01Z","2025-01-08Z"
1752,"Fed 4Q25 PCE","E","More than 5.5%","0","0, 0, 0, 0, 0, 0, 0, 0, 0, 0, 0, 0, 0, 0, 0, 0, 0, 0, 0, 0, 0, 0, 0, 0, 0, 0, 0, 0, 0, 0, 0","2023-02-03Z","2026-01-01Z","2025-01-08Z"
1753,"Fed 4Q25 U3","A","Less than 3.5%","1","0.02, 0.02, 0.02, 0.02, 0.01, 0.01, 0.01, 0.01, 0.01, 0.01, 0.02, 0.01, 0.01, 0.01, 0.01, 0.01, 0.01, 0.01, 0.01, 0.01, 0.01, 0.01, 0.01, 0.01, 0.01, 0.01, 0.01, 0.01, 0.01, 0.01, 0.01","2023-02-03Z","2026-01-01Z","2025-01-08Z"
1753,"Fed 4Q25 U3","B","Between 3.5% and 5.0%, inclusive","70","0.67, 0.67, 0.67, 0.69, 0.69, 0.69, 0.69, 0.69, 0.69, 0.69, 0.69, 0.7, 0.7, 0.7, 0.7, 0.7, 0.7, 0.7, 0.7, 0.7, 0.7, 0.7, 0.7, 0.7, 0.7, 0.7, 0.7, 0.7, 0.7, 0.7, 0.7","2023-02-03Z","2026-01-01Z","2025-01-08Z"
1753,"Fed 4Q25 U3","C","More than 5.0% but less than 6.5%","27","0.26, 0.26, 0.26, 0.26, 0.26, 0.26, 0.26, 0.26, 0.26, 0.26, 0.26, 0.26, 0.26, 0.26, 0.26, 0.26, 0.26, 0.27, 0.27, 0.27, 0.27, 0.27, 0.27, 0.26, 0.26, 0.26, 0.26, 0.27, 0.27, 0.27, 0.27","2023-02-03Z","2026-01-01Z","2025-01-08Z"
1753,"Fed 4Q25 U3","D","Between 6.5% and 8.0%, inclusive","2","0.04, 0.04, 0.04, 0.03, 0.04, 0.04, 0.04, 0.04, 0.04, 0.04, 0.03, 0.03, 0.03, 0.03, 0.03, 0.03, 0.03, 0.02, 0.02, 0.02, 0.02, 0.02, 0.02, 0.03, 0.03, 0.03, 0.03, 0.02, 0.02, 0.02, 0.02","2023-02-03Z","2026-01-01Z","2025-01-08Z"
1753,"Fed 4Q25 U3","E","More than 8.0%","0","0.01, 0.01, 0.01, 0, 0, 0, 0, 0, 0, 0, 0, 0, 0, 0, 0, 0, 0, 0, 0, 0, 0, 0, 0, 0, 0, 0, 0, 0, 0, 0, 0","2023-02-03Z","2026-01-01Z","2025-01-08Z"
1754,"Fed 4Q25 Funds","A","Less than 0.5%","0","0, 0, 0, 0, 0, 0, 0, 0, 0, 0, 0, 0, 0, 0, 0, 0, 0, 0, 0, 0, 0, 0, 0, 0, 0, 0, 0, 0, 0, 0, 0","2023-02-03Z","2026-01-01Z","2025-01-08Z"
1754,"Fed 4Q25 Funds","B","Between 0.5% and 2.0%, inclusive","2","0.04, 0.04, 0.03, 0.03, 0.02, 0.02, 0.02, 0.02, 0.03, 0.03, 0.03, 0.03, 0.03, 0.03, 0.03, 0.02, 0.02, 0.02, 0.02, 0.02, 0.02, 0.02, 0.02, 0.02, 0.02, 0.02, 0.02, 0.02, 0.02, 0.02, 0.02","2023-02-03Z","2026-01-01Z","2025-01-08Z"
1754,"Fed 4Q25 Funds","C","More than 2.0% but less than 3.5%","30","0.44, 0.44, 0.45, 0.44, 0.45, 0.44, 0.44, 0.44, 0.44, 0.44, 0.43, 0.32, 0.32, 0.32, 0.32, 0.27, 0.27, 0.27, 0.27, 0.27, 0.27, 0.27, 0.26, 0.26, 0.26, 0.26, 0.26, 0.27, 0.27, 0.27, 0.3","2023-02-03Z","2026-01-01Z","2025-01-08Z"
1754,"Fed 4Q25 Funds","D","Between 3.5% and 5.0%, inclusive","66","0.5, 0.5, 0.5, 0.51, 0.51, 0.52, 0.52, 0.52, 0.51, 0.51, 0.52, 0.62, 0.62, 0.62, 0.62, 0.69, 0.69, 0.69, 0.69, 0.69, 0.69, 0.69, 0.7, 0.7, 0.7, 0.7, 0.7, 0.7, 0.7, 0.69, 0.66","2023-02-03Z","2026-01-01Z","2025-01-08Z"
1754,"Fed 4Q25 Funds","E","More than 5.0%","2","0.02, 0.02, 0.02, 0.02, 0.02, 0.02, 0.02, 0.02, 0.02, 0.02, 0.02, 0.03, 0.03, 0.03, 0.03, 0.02, 0.02, 0.02, 0.02, 0.02, 0.02, 0.02, 0.02, 0.02, 0.02, 0.02, 0.02, 0.01, 0.01, 0.02, 0.02","2023-02-03Z","2026-01-01Z","2025-01-08Z"
1757,"OP H5N1 deaths","A","Fewer than 100","100","1, 1, 1, 1, 1, 1, 1, 1, 1, 1, 1, 1, 1, 1, 1, 1, 1, 1, 1, 1, 1, 1, 1, 1, 1, 1, 1, 1, 1, 1, 1","2023-02-09Z","2025-01-01Z","2024-12-31Z"
1757,"OP H5N1 deaths","B","Between 100 and 1,000, inclusive","0","0, 0, 0, 0, 0, 0, 0, 0, 0, 0, 0, 0, 0, 0, 0, 0, 0, 0, 0, 0, 0, 0, 0, 0, 0, 0, 0, 0, 0, 0, 0","2023-02-09Z","2025-01-01Z","2024-12-31Z"
1757,"OP H5N1 deaths","C","More than 1,000 but fewer than 10,000","0","0, 0, 0, 0, 0, 0, 0, 0, 0, 0, 0, 0, 0, 0, 0, 0, 0, 0, 0, 0, 0, 0, 0, 0, 0, 0, 0, 0, 0, 0, 0","2023-02-09Z","2025-01-01Z","2024-12-31Z"
1757,"OP H5N1 deaths","D","Between 10,000 and 100,000, inclusive","0","0, 0, 0, 0, 0, 0, 0, 0, 0, 0, 0, 0, 0, 0, 0, 0, 0, 0, 0, 0, 0, 0, 0, 0, 0, 0, 0, 0, 0, 0, 0","2023-02-09Z","2025-01-01Z","2024-12-31Z"
1757,"OP H5N1 deaths","E","More than 100,000","0","0, 0, 0, 0, 0, 0, 0, 0, 0, 0, 0, 0, 0, 0, 0, 0, 0, 0, 0, 0, 0, 0, 0, 0, 0, 0, 0, 0, 0, 0, 0","2023-02-09Z","2025-01-01Z","2024-12-31Z"
1797,"EW EZ recession 23-24","A","Yes","0","0, 0, 0, 0, 0, 0, 0, 0, 0, 0, 0, 0, 0, 0, 0, 0, 0, 0, 0, 0, 0, 0, 0, 0, 0, 0, 0, 0, 0, 0, 0","2023-10-06Z","2023-10-12Z","2024-12-31Z"
1797,"EW EZ recession 23-24","B","No, but there will be at least one quarter of negative real GDP growth","16","0.08, 0.08, 0.08, 0.08, 0.08, 0.08, 0.1, 0.1, 0.1, 0.1, 0.1, 0.1, 0.1, 0.1, 0.1, 0.1, 0.1, 0.1, 0.1, 0.1, 0.1, 0.1, 0.1, 0.1, 0.1, 0.1, 0.15, 0.15, 0.15, 0.16, 0.16","2023-10-06Z","2023-10-12Z","2024-12-31Z"
1797,"EW EZ recession 23-24","C","No, and there will be zero quarters of negative real GDP growth","84","0.92, 0.92, 0.92, 0.92, 0.92, 0.92, 0.9, 0.9, 0.9, 0.9, 0.9, 0.9, 0.9, 0.9, 0.9, 0.9, 0.9, 0.9, 0.9, 0.9, 0.9, 0.9, 0.9, 0.9, 0.9, 0.9, 0.85, 0.85, 0.85, 0.84, 0.84","2023-10-06Z","2023-10-12Z","2024-12-31Z"
1798,"EW China GDP 2024","A","Higher by less than 1.50%, or lower","0","0, 0, 0, 0, 0, 0, 0, 0, 0, 0, 0, 0, 0, 0, 0, 0, 0, 0, 0, 0, 0, 0, 0, 0, 0, 0, 0, 0, 0, 0, 0","2023-10-06Z","2023-10-12Z","2024-12-31Z"
1798,"EW China GDP 2024","B","Higher by between 1.50% and 3.00%, inclusive","0","0, 0, 0, 0, 0, 0, 0, 0, 0, 0, 0, 0, 0, 0, 0, 0, 0, 0, 0, 0, 0, 0, 0, 0, 0, 0, 0, 0, 0, 0, 0","2023-10-06Z","2023-10-12Z","2024-12-31Z"
1798,"EW China GDP 2024","C","Higher by more than 3.00% but less than 4.50%","0","0.02, 0.02, 0.02, 0.02, 0.02, 0.02, 0.02, 0.02, 0.02, 0.02, 0.01, 0.01, 0.01, 0, 0, 0, 0, 0, 0, 0, 0, 0, 0, 0, 0, 0, 0, 0, 0, 0, 0","2023-10-06Z","2023-10-12Z","2024-12-31Z"
1798,"EW China GDP 2024","D","Higher by between 4.50% and 6.00%, inclusive","100","0.98, 0.98, 0.98, 0.98, 0.98, 0.98, 0.98, 0.98, 0.98, 0.98, 0.99, 0.99, 0.99, 1, 1, 1, 1, 1, 1, 1, 1, 1, 1, 1, 1, 1, 1, 1, 1, 1, 1","2023-10-06Z","2023-10-12Z","2024-12-31Z"
1798,"EW China GDP 2024","E","Higher by more than 6.00%","0","0, 0, 0, 0, 0, 0, 0, 0, 0, 0, 0, 0, 0, 0, 0, 0, 0, 0, 0, 0, 0, 0, 0, 0, 0, 0, 0, 0, 0, 0, 0","2023-10-06Z","2023-10-12Z","2024-12-31Z"
1799,"EW global GDP 2024","A","Lower than 0.00%","0","0, 0, 0, 0, 0, 0, 0, 0, 0, 0, 0, 0, 0, 0, 0, 0, 0, 0, 0, 0, 0, 0, 0, 0, 0, 0, 0, 0, 0, 0, 0","2023-10-06Z","2023-11-09Z","2024-12-31Z"
1799,"EW global GDP 2024","B","Higher by between 0.00% and 1.50%, inclusive","0","0, 0, 0, 0, 0, 0, 0, 0, 0, 0, 0, 0, 0, 0, 0, 0, 0, 0, 0, 0, 0, 0, 0, 0, 0, 0, 0, 0, 0, 0, 0","2023-10-06Z","2023-11-09Z","2024-12-31Z"
1799,"EW global GDP 2024","C","Higher by more than 1.50% but less than 3.00%","5","0.07, 0.06, 0.06, 0.06, 0.05, 0.05, 0.05, 0.05, 0.05, 0.05, 0.05, 0.05, 0.05, 0.05, 0.05, 0.05, 0.05, 0.05, 0.05, 0.05, 0.05, 0.05, 0.05, 0.05, 0.05, 0.05, 0.05, 0.05, 0.05, 0.05, 0.05","2023-10-06Z","2023-11-09Z","2024-12-31Z"
1799,"EW global GDP 2024","D","Higher by between 3.00% and 4.50%, inclusive","95","0.93, 0.94, 0.94, 0.94, 0.95, 0.95, 0.95, 0.95, 0.95, 0.95, 0.95, 0.95, 0.95, 0.95, 0.95, 0.95, 0.95, 0.95, 0.95, 0.95, 0.95, 0.95, 0.95, 0.95, 0.95, 0.95, 0.95, 0.95, 0.95, 0.95, 0.95","2023-10-06Z","2023-11-09Z","2024-12-31Z"
1799,"EW global GDP 2024","E","Higher by more than 4.50%","0","0, 0, 0, 0, 0, 0, 0, 0, 0, 0, 0, 0, 0, 0, 0, 0, 0, 0, 0, 0, 0, 0, 0, 0, 0, 0, 0, 0, 0, 0, 0","2023-10-06Z","2023-11-09Z","2024-12-31Z"
1810,"GR ME SA normalize IL","A","Before 1 May 2024","0","0, 0, 0, 0, 0, 0, 0, 0, 0, 0, 0, 0, 0, 0, 0, 0, 0, 0, 0, 0, 0, 0, 0, 0, 0, 0, 0, 0, 0, 0, 0","2023-11-03Z","2024-11-01Z","2025-01-08Z"
1810,"GR ME SA normalize IL","B","Between 1 May 2024 and 31 October 2024","0","0, 0, 0, 0, 0, 0, 0, 0, 0, 0, 0, 0, 0, 0, 0, 0, 0, 0, 0, 0, 0, 0, 0, 0, 0, 0, 0, 0, 0, 0, 0","2023-11-03Z","2024-11-01Z","2025-01-08Z"
1810,"GR ME SA normalize IL","C","Between 1 November 2024 and 30 April 2025","1","0, 0, 0, 0, 0, 0, 0, 0, 0, 0, 0, 0.01, 0.01, 0.01, 0.01, 0.01, 0.01, 0.01, 0.01, 0.01, 0.01, 0.01, 0.01, 0.01, 0.01, 0.01, 0.01, 0.01, 0.01, 0.01, 0.01","2023-11-03Z","2024-11-01Z","2025-01-08Z"
1810,"GR ME SA normalize IL","D","Not before 1 May 2025","99","1, 1, 1, 1, 1, 1, 1, 1, 1, 1, 1, 0.99, 0.99, 0.99, 0.99, 0.99, 0.99, 0.99, 0.99, 0.99, 0.99, 0.99, 0.99, 0.99, 0.99, 0.99, 0.99, 0.99, 0.99, 0.99, 0.99","2023-11-03Z","2024-11-01Z","2025-01-08Z"
1815,"GR CN US exports","A","Less than 10.5%","0","0, 0, 0, 0, 0, 0, 0, 0, 0, 0, 0, 0, 0, 0, 0, 0, 0, 0, 0, 0, 0, 0, 0, 0, 0, 0, 0, 0, 0, 0, 0","2023-11-24Z","2023-12-01Z","2024-12-31Z"
1815,"GR CN US exports","B","At least 10.5%, but less than 13.0%","0","0, 0, 0, 0, 0, 0, 0, 0, 0, 0, 0, 0, 0, 0, 0, 0, 0, 0, 0, 0, 0, 0, 0, 0, 0, 0, 0, 0, 0, 0, 0","2023-11-24Z","2023-12-01Z","2024-12-31Z"
1815,"GR CN US exports","C","At least 13.0%, but less than 15.5%","100","1, 1, 1, 1, 1, 1, 1, 1, 1, 1, 1, 1, 1, 1, 1, 1, 1, 1, 1, 1, 1, 1, 1, 1, 1, 1, 1, 1, 1, 1, 1","2023-11-24Z","2023-12-01Z","2024-12-31Z"
1815,"GR CN US exports","D","At least 15.5%, but less than 18.0%","0","0, 0, 0, 0, 0, 0, 0, 0, 0, 0, 0, 0, 0, 0, 0, 0, 0, 0, 0, 0, 0, 0, 0, 0, 0, 0, 0, 0, 0, 0, 0","2023-11-24Z","2023-12-01Z","2024-12-31Z"
1815,"GR CN US exports","E","18.0% or more","0","0, 0, 0, 0, 0, 0, 0, 0, 0, 0, 0, 0, 0, 0, 0, 0, 0, 0, 0, 0, 0, 0, 0, 0, 0, 0, 0, 0, 0, 0, 0","2023-11-24Z","2023-12-01Z","2024-12-31Z"
1817,"GR DE election","A","Alliance 90/The Greens","0","0, 0, 0, 0, 0, 0, 0, 0, 0, 0, 0, 0, 0, 0, 0, 0, 0, 0, 0, 0, 0, 0, 0, 0, 0, 0, 0, 0, 0, 0, 0","2023-12-15Z","2024-07-25Z","2025-01-08Z"
1817,"GR DE election","B","Alternative for Germany (AfD)","2","0.03, 0.03, 0.03, 0.03, 0.04, 0.04, 0.03, 0.03, 0.03, 0.03, 0.03, 0.03, 0.03, 0.03, 0.03, 0.03, 0.03, 0.03, 0.04, 0.04, 0.04, 0.04, 0.04, 0.04, 0.03, 0.03, 0.03, 0.03, 0.03, 0.03, 0.02","2023-12-15Z","2024-07-25Z","2025-01-08Z"
1817,"GR DE election","C","Christian Democratic Union (CDU)/Christian Social Union (CSU)","96","0.94, 0.94, 0.94, 0.94, 0.92, 0.92, 0.92, 0.92, 0.92, 0.94, 0.94, 0.94, 0.94, 0.94, 0.94, 0.94, 0.94, 0.94, 0.94, 0.94, 0.94, 0.94, 0.94, 0.94, 0.95, 0.95, 0.95, 0.95, 0.95, 0.95, 0.96","2023-12-15Z","2024-07-25Z","2025-01-08Z"
1817,"GR DE election","D","Social Democratic Party (SPD)","2","0.03, 0.03, 0.03, 0.03, 0.04, 0.04, 0.05, 0.05, 0.05, 0.03, 0.03, 0.03, 0.03, 0.03, 0.03, 0.03, 0.03, 0.03, 0.02, 0.02, 0.02, 0.02, 0.02, 0.02, 0.02, 0.02, 0.02, 0.02, 0.02, 0.02, 0.02","2023-12-15Z","2024-07-25Z","2025-01-08Z"
1817,"GR DE election","E","Another party","0","0, 0, 0, 0, 0, 0, 0, 0, 0, 0, 0, 0, 0, 0, 0, 0, 0, 0, 0, 0, 0, 0, 0, 0, 0, 0, 0, 0, 0, 0, 0","2023-12-15Z","2024-07-25Z","2025-01-08Z"
1822,"GR RUUA peace v5","A","Before 1 July 2024","0","0, 0, 0, 0, 0, 0, 0, 0, 0, 0, 0, 0, 0, 0, 0, 0, 0, 0, 0, 0, 0, 0, 0, 0, 0, 0, 0, 0, 0, 0, 0","2024-01-19Z","2025-01-02Z","2025-01-08Z"
1822,"GR RUUA peace v5","B","Between 1 July 2024 and 31 December 2024","0","0, 0, 0, 0, 0, 0, 0, 0, 0, 0, 0, 0, 0, 0, 0, 0, 0, 0, 0, 0, 0, 0, 0, 0, 0, 0, 0, 0, 0, 0, 0","2024-01-19Z","2025-01-02Z","2025-01-08Z"
1822,"GR RUUA peace v5","C","Between 1 January 2025 and 30 June 2025","11","0.16, 0.16, 0.15, 0.14, 0.13, 0.13, 0.13, 0.13, 0.13, 0.12, 0.12, 0.12, 0.12, 0.13, 0.11, 0.1, 0.13, 0.13, 0.11, 0.11, 0.12, 0.12, 0.13, 0.13, 0.1, 0.11, 0.11, 0.11, 0.1, 0.1, 0.11","2024-01-19Z","2025-01-02Z","2025-01-08Z"
1822,"GR RUUA peace v5","D","Between 1 July 2025 and 31 December 2025","20","0.23, 0.23, 0.23, 0.24, 0.24, 0.23, 0.24, 0.24, 0.23, 0.24, 0.24, 0.24, 0.24, 0.22, 0.21, 0.22, 0.22, 0.22, 0.21, 0.21, 0.21, 0.21, 0.22, 0.22, 0.2, 0.22, 0.22, 0.2, 0.19, 0.19, 0.2","2024-01-19Z","2025-01-02Z","2025-01-08Z"
1822,"GR RUUA peace v5","E","Not before 1 January 2026","69","0.61, 0.61, 0.62, 0.62, 0.63, 0.64, 0.63, 0.63, 0.64, 0.64, 0.64, 0.64, 0.64, 0.65, 0.68, 0.68, 0.65, 0.65, 0.68, 0.68, 0.67, 0.67, 0.65, 0.65, 0.7, 0.67, 0.67, 0.69, 0.71, 0.71, 0.69","2024-01-19Z","2025-01-02Z","2025-01-08Z"
1829,"GR ME PL recognize","A","Yes, the UK will, but the US won&apos;t","4","0.05, 0.05, 0.05, 0.05, 0.05, 0.05, 0.05, 0.05, 0.05, 0.05, 0.05, 0.05, 0.05, 0.05, 0.05, 0.05, 0.05, 0.05, 0.05, 0.05, 0.05, 0.05, 0.05, 0.05, 0.05, 0.05, 0.05, 0.05, 0.05, 0.04, 0.04","2024-02-16Z","2024-02-15Z","2025-01-08Z"
1829,"GR ME PL recognize","B","Yes, the US will, but the UK won&apos;t","0","0, 0, 0, 0, 0, 0, 0, 0, 0, 0, 0, 0, 0, 0, 0, 0, 0, 0, 0, 0, 0, 0, 0, 0, 0, 0, 0, 0, 0, 0, 0","2024-02-16Z","2024-02-15Z","2025-01-08Z"
1829,"GR ME PL recognize","C","Yes, both will","0","0, 0, 0, 0, 0, 0, 0, 0, 0, 0, 0, 0, 0, 0, 0, 0, 0, 0, 0, 0, 0, 0, 0, 0, 0, 0, 0, 0, 0, 0, 0","2024-02-16Z","2024-02-15Z","2025-01-08Z"
1829,"GR ME PL recognize","D","No","96","0.95, 0.95, 0.95, 0.95, 0.95, 0.95, 0.95, 0.95, 0.95, 0.95, 0.95, 0.95, 0.95, 0.95, 0.95, 0.95, 0.95, 0.95, 0.95, 0.95, 0.95, 0.95, 0.95, 0.95, 0.95, 0.95, 0.95, 0.95, 0.95, 0.96, 0.96","2024-02-16Z","2024-02-15Z","2025-01-08Z"
1831,"GR ME IL leave Gaza v2","A","Before 15 June 2024","0","0, 0, 0, 0, 0, 0, 0, 0, 0, 0, 0, 0, 0, 0, 0, 0, 0, 0, 0, 0, 0, 0, 0, 0, 0, 0, 0, 0, 0, 0, 0","2024-02-23Z","2024-10-21Z","2025-01-08Z"
1831,"GR ME IL leave Gaza v2","B","Between 15 June 2024 and 12 October 2024","0","0, 0, 0, 0, 0, 0, 0, 0, 0, 0, 0, 0, 0, 0, 0, 0, 0, 0, 0, 0, 0, 0, 0, 0, 0, 0, 0, 0, 0, 0, 0","2024-02-23Z","2024-10-21Z","2025-01-08Z"
1831,"GR ME IL leave Gaza v2","C","Between 13 October 2024 and 9 February 2025","0","0, 0, 0, 0, 0, 0, 0, 0, 0, 0, 0, 0, 0, 0, 0, 0, 0, 0, 0, 0, 0, 0, 0, 0, 0, 0, 0, 0, 0, 0, 0","2024-02-23Z","2024-10-21Z","2025-01-08Z"
1831,"GR ME IL leave Gaza v2","D","Between 10 February 2025 and 9 June 2025","0","0, 0, 0, 0, 0, 0, 0, 0, 0, 0, 0, 0, 0, 0, 0, 0, 0, 0, 0, 0, 0, 0, 0, 0, 0, 0, 0, 0, 0, 0, 0","2024-02-23Z","2024-10-21Z","2025-01-08Z"
1831,"GR ME IL leave Gaza v2","E","Not before 10 June 2025","100","1, 1, 1, 1, 1, 1, 1, 1, 1, 1, 1, 1, 1, 1, 1, 1, 1, 1, 1, 1, 1, 1, 1, 1, 1, 1, 1, 1, 1, 1, 1","2024-02-23Z","2024-10-21Z","2025-01-08Z"
1832,"Fed 4Q24 U3 v2","A","Less than 3.4%","0","0, 0, 0, 0, 0, 0, 0, 0, 0, 0, 0, 0, 0, 0, 0, 0, 0, 0, 0, 0, 0, 0, 0, 0, 0, 0, 0, 0, 0, 0, 0","2024-03-01Z","2024-03-08Z","2024-12-31Z"
1832,"Fed 4Q24 U3 v2","B","At least 3.4%, but less than 4.1%","0","0.1, 0.1, 0.1, 0.1, 0.15, 0.15, 0.05, 0.04, 0.04, 0.02, 0.02, 0.02, 0.02, 0.02, 0.02, 0.02, 0.02, 0.02, 0.02, 0.02, 0, 0, 0, 0, 0, 0, 0, 0, 0, 0, 0","2024-03-01Z","2024-03-08Z","2024-12-31Z"
1832,"Fed 4Q24 U3 v2","C","At least 4.1%, but less than 4.8%","100","0.9, 0.9, 0.9, 0.9, 0.85, 0.85, 0.95, 0.96, 0.96, 0.98, 0.98, 0.98, 0.98, 0.98, 0.98, 0.98, 0.98, 0.98, 0.98, 0.98, 1, 1, 1, 1, 1, 1, 1, 1, 1, 1, 1","2024-03-01Z","2024-03-08Z","2024-12-31Z"
1832,"Fed 4Q24 U3 v2","D","At least 4.8%, but less than 5.5%","0","0, 0, 0, 0, 0, 0, 0, 0, 0, 0, 0, 0, 0, 0, 0, 0, 0, 0, 0, 0, 0, 0, 0, 0, 0, 0, 0, 0, 0, 0, 0","2024-03-01Z","2024-03-08Z","2024-12-31Z"
1832,"Fed 4Q24 U3 v2","E","5.5% or more","0","0, 0, 0, 0, 0, 0, 0, 0, 0, 0, 0, 0, 0, 0, 0, 0, 0, 0, 0, 0, 0, 0, 0, 0, 0, 0, 0, 0, 0, 0, 0","2024-03-01Z","2024-03-08Z","2024-12-31Z"
1839,"Fed 4Q26 GDP","A","Less than 0.0%","8","0.08, 0.08, 0.08, 0.08, 0.08, 0.08, 0.08, 0.08, 0.08, 0.08, 0.08, 0.08, 0.08, 0.08, 0.08, 0.08, 0.08, 0.08, 0.08, 0.08, 0.08, 0.08, 0.08, 0.08, 0.08, 0.08, 0.08, 0.08, 0.08, 0.08, 0.08","2024-04-19Z","2024-04-24Z","2025-01-08Z"
1839,"Fed 4Q26 GDP","B","At least 0.0%, but less than 2.0%","40","0.4, 0.4, 0.4, 0.4, 0.4, 0.4, 0.4, 0.4, 0.4, 0.4, 0.4, 0.4, 0.4, 0.4, 0.4, 0.4, 0.4, 0.4, 0.4, 0.4, 0.4, 0.4, 0.4, 0.4, 0.4, 0.4, 0.4, 0.4, 0.4, 0.4, 0.4","2024-04-19Z","2024-04-24Z","2025-01-08Z"
1839,"Fed 4Q26 GDP","C","At least 2.0%, but less than 4.0%","44","0.46, 0.46, 0.46, 0.46, 0.45, 0.45, 0.45, 0.45, 0.45, 0.45, 0.44, 0.44, 0.44, 0.45, 0.45, 0.45, 0.45, 0.45, 0.44, 0.44, 0.44, 0.44, 0.44, 0.44, 0.44, 0.44, 0.44, 0.44, 0.44, 0.44, 0.44","2024-04-19Z","2024-04-24Z","2025-01-08Z"
1839,"Fed 4Q26 GDP","D","At least 4.0%, but less than 6.0%","7","0.06, 0.06, 0.06, 0.06, 0.07, 0.07, 0.07, 0.07, 0.07, 0.07, 0.07, 0.07, 0.07, 0.07, 0.07, 0.07, 0.07, 0.07, 0.07, 0.07, 0.07, 0.07, 0.07, 0.07, 0.07, 0.07, 0.07, 0.07, 0.07, 0.07, 0.07","2024-04-19Z","2024-04-24Z","2025-01-08Z"
1839,"Fed 4Q26 GDP","E","6.0% or more","1","0, 0, 0, 0, 0, 0, 0, 0, 0, 0, 0.01, 0.01, 0.01, 0, 0, 0, 0, 0, 0.01, 0.01, 0.01, 0.01, 0.01, 0.01, 0.01, 0.01, 0.01, 0.01, 0.01, 0.01, 0.01","2024-04-19Z","2024-04-24Z","2025-01-08Z"
1840,"Fed 4Q26 PCE","A","Less than 1.0%","11","0.1, 0.1, 0.1, 0.1, 0.11, 0.11, 0.11, 0.11, 0.11, 0.11, 0.11, 0.11, 0.11, 0.11, 0.11, 0.11, 0.11, 0.11, 0.11, 0.11, 0.11, 0.11, 0.11, 0.11, 0.11, 0.11, 0.11, 0.11, 0.11, 0.11, 0.11","2024-04-19Z","2024-04-24Z","2025-01-08Z"
1840,"Fed 4Q26 PCE","B","At least 1.0%, but less than 3.0%","62","0.65, 0.65, 0.65, 0.65, 0.64, 0.64, 0.64, 0.64, 0.64, 0.64, 0.63, 0.63, 0.63, 0.63, 0.63, 0.63, 0.63, 0.63, 0.63, 0.63, 0.63, 0.63, 0.63, 0.63, 0.63, 0.63, 0.62, 0.62, 0.62, 0.62, 0.62","2024-04-19Z","2024-04-24Z","2025-01-08Z"
1840,"Fed 4Q26 PCE","C","At least 3.0%, but less than 5.0%","23","0.21, 0.21, 0.21, 0.21, 0.21, 0.21, 0.21, 0.21, 0.21, 0.21, 0.23, 0.23, 0.23, 0.23, 0.23, 0.23, 0.23, 0.23, 0.23, 0.23, 0.23, 0.23, 0.23, 0.23, 0.23, 0.23, 0.23, 0.23, 0.23, 0.23, 0.23","2024-04-19Z","2024-04-24Z","2025-01-08Z"
1840,"Fed 4Q26 PCE","D","At least 5.0%, but less than 7.0%","4","0.04, 0.04, 0.04, 0.04, 0.04, 0.04, 0.04, 0.04, 0.04, 0.04, 0.03, 0.03, 0.03, 0.03, 0.03, 0.03, 0.03, 0.03, 0.03, 0.03, 0.03, 0.03, 0.03, 0.03, 0.03, 0.03, 0.04, 0.04, 0.04, 0.04, 0.04","2024-04-19Z","2024-04-24Z","2025-01-08Z"
1840,"Fed 4Q26 PCE","E","7.0% or more","0","0, 0, 0, 0, 0, 0, 0, 0, 0, 0, 0, 0, 0, 0, 0, 0, 0, 0, 0, 0, 0, 0, 0, 0, 0, 0, 0, 0, 0, 0, 0","2024-04-19Z","2024-04-24Z","2025-01-08Z"
1841,"Fed 4Q26 U3","A","Less than 3.5%","6","0.06, 0.06, 0.06, 0.06, 0.05, 0.05, 0.05, 0.05, 0.05, 0.05, 0.06, 0.06, 0.06, 0.06, 0.06, 0.06, 0.06, 0.06, 0.06, 0.06, 0.06, 0.06, 0.06, 0.06, 0.06, 0.06, 0.06, 0.06, 0.06, 0.06, 0.06","2024-04-19Z","2024-04-24Z","2025-01-08Z"
1841,"Fed 4Q26 U3","B","At least 3.5%, but less than 5.0%","63","0.61, 0.61, 0.61, 0.62, 0.62, 0.62, 0.62, 0.62, 0.62, 0.62, 0.63, 0.63, 0.63, 0.63, 0.63, 0.63, 0.63, 0.63, 0.62, 0.63, 0.63, 0.63, 0.63, 0.63, 0.63, 0.63, 0.63, 0.63, 0.63, 0.63, 0.63","2024-04-19Z","2024-04-24Z","2025-01-08Z"
1841,"Fed 4Q26 U3","C","At least 5.0%, but less than 6.5%","25","0.27, 0.27, 0.27, 0.26, 0.27, 0.27, 0.27, 0.27, 0.27, 0.27, 0.25, 0.25, 0.25, 0.25, 0.25, 0.25, 0.25, 0.25, 0.25, 0.23, 0.23, 0.23, 0.23, 0.25, 0.25, 0.25, 0.25, 0.25, 0.25, 0.25, 0.25","2024-04-19Z","2024-04-24Z","2025-01-08Z"
1841,"Fed 4Q26 U3","D","At least 6.5%, but less than 8.0%","5","0.05, 0.05, 0.05, 0.05, 0.05, 0.05, 0.05, 0.05, 0.05, 0.05, 0.05, 0.05, 0.05, 0.05, 0.05, 0.05, 0.05, 0.05, 0.06, 0.06, 0.06, 0.06, 0.06, 0.05, 0.05, 0.05, 0.05, 0.05, 0.05, 0.05, 0.05","2024-04-19Z","2024-04-24Z","2025-01-08Z"
1841,"Fed 4Q26 U3","E","8.0% or more","1","0.01, 0.01, 0.01, 0.01, 0.01, 0.01, 0.01, 0.01, 0.01, 0.01, 0.01, 0.01, 0.01, 0.01, 0.01, 0.01, 0.01, 0.01, 0.01, 0.02, 0.02, 0.02, 0.02, 0.01, 0.01, 0.01, 0.01, 0.01, 0.01, 0.01, 0.01","2024-04-19Z","2024-04-24Z","2025-01-08Z"
1842,"Fed 4Q26 Funds","A","Less than 1.0%","4","0.04, 0.04, 0.04, 0.04, 0.04, 0.04, 0.04, 0.04, 0.04, 0.05, 0.04, 0.04, 0.04, 0.04, 0.04, 0.04, 0.04, 0.04, 0.04, 0.04, 0.04, 0.04, 0.04, 0.05, 0.04, 0.04, 0.04, 0.04, 0.04, 0.04, 0.04","2024-04-19Z","2024-04-24Z","2025-01-08Z"
1842,"Fed 4Q26 Funds","B","At least 1.0%, but less than 3.0%","38","0.41, 0.41, 0.41, 0.41, 0.41, 0.41, 0.4, 0.4, 0.4, 0.39, 0.4, 0.4, 0.4, 0.39, 0.39, 0.39, 0.39, 0.39, 0.39, 0.39, 0.39, 0.39, 0.39, 0.37, 0.38, 0.38, 0.38, 0.38, 0.38, 0.38, 0.38","2024-04-19Z","2024-04-24Z","2025-01-08Z"
1842,"Fed 4Q26 Funds","C","At least 3.0%, but less than 5.0%","51","0.47, 0.47, 0.47, 0.47, 0.48, 0.48, 0.49, 0.49, 0.49, 0.48, 0.49, 0.49, 0.49, 0.5, 0.5, 0.5, 0.5, 0.5, 0.5, 0.5, 0.5, 0.5, 0.5, 0.51, 0.51, 0.51, 0.51, 0.51, 0.51, 0.51, 0.51","2024-04-19Z","2024-04-24Z","2025-01-08Z"
1842,"Fed 4Q26 Funds","D","At least 5.0%, but less than 7.0%","7","0.07, 0.07, 0.07, 0.07, 0.07, 0.07, 0.07, 0.07, 0.07, 0.07, 0.07, 0.07, 0.07, 0.07, 0.07, 0.07, 0.07, 0.07, 0.07, 0.07, 0.07, 0.07, 0.07, 0.07, 0.07, 0.07, 0.07, 0.07, 0.07, 0.07, 0.07","2024-04-19Z","2024-04-24Z","2025-01-08Z"
1842,"Fed 4Q26 Funds","E","7.0% or more","0","0.01, 0.01, 0.01, 0.01, 0, 0, 0, 0, 0, 0.01, 0, 0, 0, 0, 0, 0, 0, 0, 0, 0, 0, 0, 0, 0, 0, 0, 0, 0, 0, 0, 0","2024-04-19Z","2024-04-24Z","2025-01-08Z"
1851,"GR RUUA nuclear deploy v3","A","Yes","0","0, 0, 0, 0, 0, 0, 0, 0, 0, 0, 0, 0, 0, 0, 0, 0, 0, 0, 0, 0, 0, 0, 0, 0, 0, 0, 0, 0, 0, 0, 0","2024-05-24Z","2024-08-05Z","2025-01-08Z"
1851,"GR RUUA nuclear deploy v3","B","No","100","1, 1, 1, 1, 1, 1, 1, 1, 1, 1, 1, 1, 1, 1, 1, 1, 1, 1, 1, 1, 1, 1, 1, 1, 1, 1, 1, 1, 1, 1, 1","2024-05-24Z","2024-08-05Z","2025-01-08Z"
1852,"GR CNTW shots v3","A","Yes","10","0.11, 0.11, 0.11, 0.11, 0.1, 0.1, 0.1, 0.1, 0.1, 0.12, 0.12, 0.12, 0.12, 0.12, 0.12, 0.12, 0.12, 0.12, 0.12, 0.12, 0.12, 0.12, 0.12, 0.12, 0.12, 0.12, 0.1, 0.1, 0.1, 0.1, 0.1","2024-05-31Z","2024-05-31Z","2025-01-08Z"
1852,"GR CNTW shots v3","B","No","90","0.89, 0.89, 0.89, 0.89, 0.9, 0.9, 0.9, 0.9, 0.9, 0.88, 0.88, 0.88, 0.88, 0.88, 0.88, 0.88, 0.88, 0.88, 0.88, 0.88, 0.88, 0.88, 0.88, 0.88, 0.88, 0.88, 0.9, 0.9, 0.9, 0.9, 0.9","2024-05-31Z","2024-05-31Z","2025-01-08Z"
1871,"GR US SupCt vacancy v2","A","Yes, and a replacement Justice will be confirmed by the Senate before 20 January 2025","0","0, 0, 0, 0, 0, 0, 0, 0, 0, 0, 0, 0, 0, 0, 0, 0, 0, 0, 0, 0, 0, 0, 0, 0, 0, 0, 0, 0, 0, 0, 0","2024-07-19Z","2024-07-19Z","2025-01-08Z"
1871,"GR US SupCt vacancy v2","B","Yes, but no replacement Justice will be confirmed by the Senate before 20 January 2025","0","0, 0, 0, 0, 0, 0, 0, 0, 0, 0, 0, 0, 0, 0, 0, 0, 0, 0, 0, 0, 0, 0, 0, 0, 0, 0, 0, 0, 0, 0, 0","2024-07-19Z","2024-07-19Z","2025-01-08Z"
1871,"GR US SupCt vacancy v2","C","No","100","1, 1, 1, 1, 1, 1, 1, 1, 1, 1, 1, 1, 1, 1, 1, 1, 1, 1, 1, 1, 1, 1, 1, 1, 1, 1, 1, 1, 1, 1, 1","2024-07-19Z","2024-07-19Z","2025-01-08Z"
1872,"GR ME IL PS ceasefire v3","A","Before 13 September 2024","0","0, 0, 0, 0, 0, 0, 0, 0, 0, 0, 0, 0, 0, 0, 0, 0, 0, 0, 0, 0, 0, 0, 0, 0, 0, 0, 0, 0, 0, 0, 0","2024-07-26Z","2025-01-03Z","2025-01-08Z"
1872,"GR ME IL PS ceasefire v3","B","Between 13 September 2024 and 7 November 2024","0","0, 0, 0, 0, 0, 0, 0, 0, 0, 0, 0, 0, 0, 0, 0, 0, 0, 0, 0, 0, 0, 0, 0, 0, 0, 0, 0, 0, 0, 0, 0","2024-07-26Z","2025-01-03Z","2025-01-08Z"
1872,"GR ME IL PS ceasefire v3","C","Between 8 November 2024 and 2 January 2025","0","0.01, 0.01, 0.03, 0.03, 0.05, 0.1, 0.1, 0.1, 0.1, 0.27, 0.35, 0.35, 0.23, 0.21, 0.19, 0.21, 0.2, 0.08, 0.03, 0.02, 0.02, 0.01, 0, 0, 0, 0, 0, 0, 0, 0, 0","2024-07-26Z","2025-01-03Z","2025-01-08Z"
1872,"GR ME IL PS ceasefire v3","D","Between 3 January 2025 and 27 February 2025","32","0.06, 0.07, 0.19, 0.19, 0.3, 0.4, 0.4, 0.4, 0.4, 0.42, 0.4, 0.4, 0.49, 0.52, 0.52, 0.52, 0.6, 0.6, 0.56, 0.57, 0.57, 0.58, 0.55, 0.45, 0.4, 0.35, 0.35, 0.35, 0.35, 0.35, 0.32","2024-07-26Z","2025-01-03Z","2025-01-08Z"
1872,"GR ME IL PS ceasefire v3","E","Not before 28 February 2025","68","0.93, 0.92, 0.78, 0.78, 0.65, 0.5, 0.5, 0.5, 0.5, 0.31, 0.25, 0.25, 0.28, 0.27, 0.29, 0.27, 0.2, 0.32, 0.41, 0.41, 0.41, 0.41, 0.45, 0.55, 0.6, 0.65, 0.65, 0.65, 0.65, 0.65, 0.68","2024-07-26Z","2025-01-03Z","2025-01-08Z"
1879,"GR ME IL Netanyahu v2","A","Yes, Netanyahu will cease to the be the prime minister of Israel, but new Knesset elections will not be called","1","0.01, 0.01, 0.01, 0.01, 0.01, 0.01, 0.01, 0.01, 0.01, 0.01, 0.01, 0.01, 0.01, 0.01, 0.01, 0.01, 0.01, 0.01, 0.01, 0.01, 0.01, 0.01, 0.01, 0.01, 0.01, 0.01, 0.01, 0.01, 0.01, 0.01, 0.01","2024-09-06Z","2024-09-03Z","2025-01-08Z"
1879,"GR ME IL Netanyahu v2","B","Yes, new Knesset elections will be called, but Netanyahu will not cease to be the prime minister of Israel","6","0.08, 0.08, 0.08, 0.09, 0.09, 0.09, 0.09, 0.08, 0.08, 0.08, 0.08, 0.08, 0.08, 0.08, 0.08, 0.08, 0.08, 0.08, 0.08, 0.08, 0.08, 0.08, 0.08, 0.08, 0.08, 0.08, 0.08, 0.08, 0.08, 0.08, 0.06","2024-09-06Z","2024-09-03Z","2025-01-08Z"
1879,"GR ME IL Netanyahu v2","C","Yes, Netanyahu will cease to the be the prime minister of Israel and new Knesset elections will be called","4","0.05, 0.05, 0.05, 0.05, 0.05, 0.05, 0.05, 0.05, 0.05, 0.05, 0.05, 0.05, 0.05, 0.05, 0.05, 0.05, 0.05, 0.05, 0.05, 0.05, 0.05, 0.05, 0.05, 0.04, 0.04, 0.04, 0.04, 0.04, 0.04, 0.04, 0.04","2024-09-06Z","2024-09-03Z","2025-01-08Z"
1879,"GR ME IL Netanyahu v2","D","No","89","0.86, 0.86, 0.86, 0.85, 0.85, 0.85, 0.85, 0.86, 0.86, 0.86, 0.86, 0.86, 0.86, 0.86, 0.86, 0.86, 0.86, 0.86, 0.86, 0.86, 0.86, 0.86, 0.86, 0.87, 0.87, 0.87, 0.87, 0.87, 0.87, 0.87, 0.89","2024-09-06Z","2024-09-03Z","2025-01-08Z"
1892,"Fed Jan25 rate","A","Lower","4","0.5, 0.49, 0.49, 0.35, 0.25, 0.25, 0.25, 0.25, 0.23, 0.2, 0.13, 0.08, 0.07, 0.07, 0.07, 0.05, 0.05, 0.05, 0.05, 0.05, 0.05, 0.05, 0.05, 0.05, 0.05, 0.05, 0.05, 0.05, 0.05, 0.04, 0.04","2024-09-27Z","2024-09-26Z","2025-01-08Z"
1892,"Fed Jan25 rate","B","Same","96","0.5, 0.51, 0.51, 0.65, 0.75, 0.75, 0.75, 0.75, 0.77, 0.8, 0.87, 0.92, 0.93, 0.93, 0.93, 0.95, 0.95, 0.95, 0.95, 0.95, 0.95, 0.95, 0.95, 0.95, 0.95, 0.95, 0.95, 0.95, 0.95, 0.96, 0.96","2024-09-27Z","2024-09-26Z","2025-01-08Z"
1892,"Fed Jan25 rate","C","Higher","0","0, 0, 0, 0, 0, 0, 0, 0, 0, 0, 0, 0, 0, 0, 0, 0, 0, 0, 0, 0, 0, 0, 0, 0, 0, 0, 0, 0, 0, 0, 0","2024-09-27Z","2024-09-26Z","2025-01-08Z"
1894,"GR EC 2025 prez","A","Daniel Noboa (ADN), in the first round","6","0.08, 0.08, 0.08, 0.08, 0.08, 0.08, 0.08, 0.08, 0.08, 0.08, 0.08, 0.08, 0.08, 0.08, 0.07, 0.07, 0.06, 0.06, 0.08, 0.06, 0.06, 0.06, 0.06, 0.06, 0.06, 0.06, 0.06, 0.06, 0.06, 0.06, 0.06","2024-10-11Z","2024-10-11Z","2025-01-08Z"
1894,"GR EC 2025 prez","B","Daniel Noboa (ADN), but in the second round","42","0.42, 0.4, 0.42, 0.41, 0.41, 0.41, 0.41, 0.41, 0.41, 0.41, 0.41, 0.41, 0.41, 0.42, 0.39, 0.39, 0.39, 0.39, 0.4, 0.4, 0.4, 0.4, 0.4, 0.4, 0.4, 0.4, 0.4, 0.4, 0.42, 0.42, 0.42","2024-10-11Z","2024-10-11Z","2025-01-08Z"
1894,"GR EC 2025 prez","C","Luisa González (RC), in the first round","9","0.1, 0.11, 0.11, 0.11, 0.11, 0.11, 0.11, 0.11, 0.11, 0.11, 0.11, 0.11, 0.11, 0.1, 0.11, 0.11, 0.1, 0.1, 0.1, 0.1, 0.1, 0.1, 0.1, 0.1, 0.1, 0.1, 0.1, 0.1, 0.1, 0.1, 0.09","2024-10-11Z","2024-10-11Z","2025-01-08Z"
1894,"GR EC 2025 prez","D","Luisa González (RC), but in the second round","41","0.34, 0.35, 0.34, 0.35, 0.35, 0.35, 0.35, 0.35, 0.35, 0.35, 0.35, 0.35, 0.35, 0.35, 0.37, 0.37, 0.39, 0.39, 0.37, 0.39, 0.39, 0.39, 0.39, 0.39, 0.4, 0.4, 0.4, 0.4, 0.39, 0.39, 0.41","2024-10-11Z","2024-10-11Z","2025-01-08Z"
1894,"GR EC 2025 prez","E","Another candidate or another outcome","2","0.06, 0.06, 0.05, 0.05, 0.05, 0.05, 0.05, 0.05, 0.05, 0.05, 0.05, 0.05, 0.05, 0.05, 0.06, 0.06, 0.06, 0.06, 0.05, 0.05, 0.05, 0.05, 0.05, 0.05, 0.04, 0.04, 0.04, 0.04, 0.03, 0.03, 0.02","2024-10-11Z","2024-10-11Z","2025-01-08Z"
1895,"GR ME IL leave LB","A","Before 24 January 2025","0","0.05, 0.05, 0.05, 0.05, 0.05, 0.05, 0.05, 0.05, 0.05, 0.05, 0.05, 0.05, 0.05, 0.05, 0.05, 0.05, 0.05, 0.05, 0.05, 0.05, 0.05, 0.05, 0.05, 0.04, 0.03, 0.03, 0.03, 0.02, 0.01, 0, 0","2024-10-18Z","2024-10-11Z","2025-01-08Z"
1895,"GR ME IL leave LB","B","Between 24 January 2025 and 9 May 2025","64","0.51, 0.51, 0.51, 0.52, 0.54, 0.54, 0.54, 0.57, 0.61, 0.61, 0.63, 0.63, 0.64, 0.64, 0.64, 0.66, 0.66, 0.66, 0.67, 0.67, 0.69, 0.69, 0.69, 0.68, 0.69, 0.66, 0.67, 0.67, 0.66, 0.62, 0.64","2024-10-18Z","2024-10-11Z","2025-01-08Z"
1895,"GR ME IL leave LB","C","Between 10 May 2025 and 23 August 2025","8","0.1, 0.1, 0.11, 0.09, 0.09, 0.09, 0.09, 0.09, 0.08, 0.08, 0.07, 0.07, 0.07, 0.07, 0.07, 0.06, 0.06, 0.06, 0.06, 0.06, 0.06, 0.06, 0.06, 0.07, 0.07, 0.09, 0.08, 0.08, 0.09, 0.09, 0.08","2024-10-18Z","2024-10-11Z","2025-01-08Z"
1895,"GR ME IL leave LB","D","Between 24 August 2025 and 7 December 2025","6","0.06, 0.06, 0.06, 0.07, 0.05, 0.05, 0.05, 0.05, 0.05, 0.05, 0.05, 0.05, 0.05, 0.05, 0.05, 0.05, 0.05, 0.05, 0.05, 0.05, 0.05, 0.05, 0.05, 0.05, 0.05, 0.05, 0.06, 0.06, 0.06, 0.07, 0.06","2024-10-18Z","2024-10-11Z","2025-01-08Z"
1895,"GR ME IL leave LB","E","Not before 8 December 2025","22","0.28, 0.28, 0.27, 0.27, 0.27, 0.27, 0.27, 0.24, 0.21, 0.21, 0.2, 0.2, 0.19, 0.19, 0.19, 0.18, 0.18, 0.18, 0.17, 0.17, 0.15, 0.15, 0.15, 0.16, 0.16, 0.17, 0.16, 0.17, 0.18, 0.22, 0.22","2024-10-18Z","2024-10-11Z","2025-01-08Z"
1896,"EW US tariff CN v7","A","Less than 9.5%","0","0, 0, 0, 0, 0, 0, 0, 0, 0, 0, 0, 0, 0, 0, 0, 0, 0, 0, 0, 0, 0, 0, 0, 0, 0, 0, 0, 0, 0, 0, 0","2024-10-25Z","2024-12-14Z","2025-01-08Z"
1896,"EW US tariff CN v7","B","At least 9.5%, but less than 11.0%","5","0.06, 0.06, 0.06, 0.06, 0.07, 0.07, 0.07, 0.07, 0.07, 0.07, 0.05, 0.05, 0.05, 0.05, 0.05, 0.05, 0.05, 0.05, 0.06, 0.05, 0.05, 0.05, 0.05, 0.05, 0.05, 0.05, 0.05, 0.05, 0.05, 0.05, 0.05","2024-10-25Z","2024-12-14Z","2025-01-08Z"
1896,"EW US tariff CN v7","C","At least 11.0%, but less than 12.5%","25","0.32, 0.32, 0.32, 0.32, 0.31, 0.31, 0.29, 0.29, 0.27, 0.27, 0.27, 0.27, 0.27, 0.27, 0.27, 0.27, 0.27, 0.27, 0.27, 0.26, 0.26, 0.25, 0.25, 0.25, 0.25, 0.25, 0.25, 0.25, 0.25, 0.25, 0.25","2024-10-25Z","2024-12-14Z","2025-01-08Z"
1896,"EW US tariff CN v7","D","At least 12.5%, but less than 15.0%","30","0.33, 0.33, 0.33, 0.35, 0.34, 0.34, 0.32, 0.32, 0.31, 0.31, 0.31, 0.31, 0.31, 0.31, 0.3, 0.3, 0.3, 0.3, 0.3, 0.3, 0.3, 0.3, 0.3, 0.3, 0.3, 0.3, 0.3, 0.3, 0.3, 0.3, 0.3","2024-10-25Z","2024-12-14Z","2025-01-08Z"
1896,"EW US tariff CN v7","E","15.0% or more","40","0.29, 0.29, 0.29, 0.27, 0.28, 0.28, 0.32, 0.32, 0.35, 0.35, 0.37, 0.37, 0.37, 0.37, 0.38, 0.38, 0.38, 0.38, 0.37, 0.39, 0.39, 0.4, 0.4, 0.4, 0.4, 0.4, 0.4, 0.4, 0.4, 0.4, 0.4","2024-10-25Z","2024-12-14Z","2025-01-08Z"
1897,"EW NVDA mkt cap","A","Less than $2.5 trillion","11","0.11, 0.11, 0.11, 0.14, 0.12, 0.12, 0.12, 0.12, 0.14, 0.11, 0.11, 0.11, 0.11, 0.11, 0.11, 0.11, 0.11, 0.11, 0.11, 0.11, 0.11, 0.11, 0.11, 0.11, 0.11, 0.11, 0.11, 0.11, 0.11, 0.11, 0.11","2024-10-25Z","2024-11-21Z","2025-01-08Z"
1897,"EW NVDA mkt cap","B","At least $2.5 trillion, but less than $4.0 trillion","45","0.45, 0.45, 0.46, 0.45, 0.45, 0.45, 0.45, 0.45, 0.45, 0.46, 0.46, 0.46, 0.46, 0.46, 0.46, 0.46, 0.46, 0.46, 0.46, 0.46, 0.46, 0.46, 0.46, 0.46, 0.48, 0.46, 0.46, 0.46, 0.46, 0.45, 0.45","2024-10-25Z","2024-11-21Z","2025-01-08Z"
1897,"EW NVDA mkt cap","C","At least $4.0 trillion, but less than $5.5 trillion","39","0.36, 0.36, 0.36, 0.34, 0.35, 0.35, 0.35, 0.35, 0.34, 0.36, 0.37, 0.37, 0.38, 0.38, 0.38, 0.38, 0.38, 0.38, 0.38, 0.38, 0.38, 0.38, 0.38, 0.38, 0.36, 0.38, 0.38, 0.38, 0.38, 0.39, 0.39","2024-10-25Z","2024-11-21Z","2025-01-08Z"
1897,"EW NVDA mkt cap","D","At least $5.5 trillion, but less than $7.0 trillion","5","0.07, 0.07, 0.06, 0.06, 0.07, 0.07, 0.07, 0.07, 0.06, 0.06, 0.05, 0.05, 0.05, 0.05, 0.05, 0.05, 0.05, 0.05, 0.05, 0.05, 0.05, 0.05, 0.05, 0.05, 0.05, 0.05, 0.05, 0.05, 0.05, 0.05, 0.05","2024-10-25Z","2024-11-21Z","2025-01-08Z"
1897,"EW NVDA mkt cap","E","$7.0 trillion or more","0","0.01, 0.01, 0.01, 0.01, 0.01, 0.01, 0.01, 0.01, 0.01, 0.01, 0.01, 0.01, 0, 0, 0, 0, 0, 0, 0, 0, 0, 0, 0, 0, 0, 0, 0, 0, 0, 0, 0","2024-10-25Z","2024-11-21Z","2025-01-08Z"
1898,"EW RU UA ceasefire","A","If Donald Trump is inaugurated as president of the US on 20 January 2025","30","0.36, 0.36, 0.35, 0.35, 0.35, 0.35, 0.35, 0.35, 0.35, 0.35, 0.34, 0.34, 0.34, 0.32, 0.3, 0.3, 0.31, 0.31, 0.31, 0.31, 0.31, 0.31, 0.31, 0.3, 0.3, 0.31, 0.31, 0.31, 0.31, 0.3, 0.3","2024-10-25Z","2024-11-21Z","2025-01-08Z"
1898,"EW RU UA ceasefire","B","If Donald Trump is not inaugurated as president of the US on 20 January 2025","15","0.2, 0.2, 0.2, 0.2, 0.2, 0.2, 0.2, 0.2, 0.2, 0.2, 0.2, 0.2, 0.2, 0.18, 0.17, 0.17, 0.17, 0.17, 0.17, 0.17, 0.15, 0.15, 0.15, 0.16, 0.16, 0.16, 0.16, 0.16, 0.16, 0.15, 0.15","2024-10-25Z","2024-11-21Z","2025-01-08Z"
1899,"EW AU 2025 election","A","A majority","21","0.2, 0.2, 0.2, 0.2, 0.19, 0.2, 0.2, 0.2, 0.2, 0.2, 0.2, 0.2, 0.2, 0.2, 0.19, 0.19, 0.19, 0.19, 0.19, 0.19, 0.19, 0.2, 0.2, 0.2, 0.2, 0.21, 0.21, 0.21, 0.21, 0.21, 0.21","2024-10-25Z","2024-11-21Z","2025-01-08Z"
1899,"EW AU 2025 election","B","A plurality","36","0.35, 0.35, 0.35, 0.35, 0.35, 0.35, 0.35, 0.35, 0.35, 0.35, 0.35, 0.35, 0.35, 0.35, 0.35, 0.35, 0.35, 0.35, 0.35, 0.35, 0.35, 0.35, 0.35, 0.35, 0.35, 0.36, 0.36, 0.36, 0.36, 0.36, 0.36","2024-10-25Z","2024-11-21Z","2025-01-08Z"
1899,"EW AU 2025 election","C","Neither a majority nor a plurality","43","0.45, 0.45, 0.45, 0.45, 0.46, 0.45, 0.45, 0.45, 0.45, 0.45, 0.45, 0.45, 0.45, 0.45, 0.46, 0.46, 0.46, 0.46, 0.46, 0.46, 0.46, 0.45, 0.45, 0.45, 0.45, 0.43, 0.43, 0.43, 0.43, 0.43, 0.43","2024-10-25Z","2024-11-21Z","2025-01-08Z"
1900,"EW CA 2025 election","A","Fewer than 172","3","0.05, 0.05, 0.05, 0.05, 0.05, 0.05, 0.05, 0.05, 0.04, 0.04, 0.04, 0.04, 0.04, 0.04, 0.04, 0.04, 0.03, 0.04, 0.03, 0.03, 0.03, 0.03, 0.03, 0.03, 0.03, 0.03, 0.03, 0.03, 0.03, 0.03, 0.03","2024-10-25Z","2024-11-21Z","2025-01-08Z"
1900,"EW CA 2025 election","B","Between 172 and 205","30","0.39, 0.39, 0.38, 0.38, 0.36, 0.35, 0.35, 0.35, 0.34, 0.34, 0.34, 0.34, 0.36, 0.34, 0.36, 0.34, 0.33, 0.31, 0.31, 0.31, 0.31, 0.31, 0.31, 0.31, 0.31, 0.31, 0.31, 0.3, 0.3, 0.3, 0.3","2024-10-25Z","2024-11-21Z","2025-01-08Z"
1900,"EW CA 2025 election","C","Between 206 and 240","60","0.51, 0.51, 0.52, 0.52, 0.54, 0.54, 0.54, 0.54, 0.56, 0.56, 0.56, 0.56, 0.55, 0.57, 0.55, 0.57, 0.59, 0.59, 0.6, 0.6, 0.61, 0.6, 0.6, 0.6, 0.6, 0.6, 0.6, 0.6, 0.6, 0.6, 0.6","2024-10-25Z","2024-11-21Z","2025-01-08Z"
1900,"EW CA 2025 election","D","More than 240","7","0.05, 0.05, 0.05, 0.05, 0.05, 0.06, 0.06, 0.06, 0.06, 0.06, 0.06, 0.06, 0.05, 0.05, 0.05, 0.05, 0.05, 0.06, 0.06, 0.06, 0.05, 0.06, 0.06, 0.06, 0.06, 0.06, 0.06, 0.07, 0.07, 0.07, 0.07","2024-10-25Z","2024-11-21Z","2025-01-08Z"
1901,"EW DE 2025 election","A","Fewer than 166","0","0, 0, 0, 0, 0, 0, 0, 0, 0, 0, 0, 0, 0, 0, 0, 0, 0, 0, 0, 0, 0, 0, 0, 0, 0, 0, 0, 0, 0, 0, 0","2024-10-25Z","2024-11-21Z","2025-01-08Z"
1901,"EW DE 2025 election","B","Between 166 and 215","23","0.17, 0.17, 0.18, 0.18, 0.17, 0.17, 0.17, 0.17, 0.17, 0.17, 0.17, 0.17, 0.17, 0.19, 0.19, 0.19, 0.19, 0.19, 0.21, 0.21, 0.21, 0.21, 0.21, 0.21, 0.21, 0.22, 0.22, 0.23, 0.23, 0.23, 0.23","2024-10-25Z","2024-11-21Z","2025-01-08Z"
1901,"EW DE 2025 election","C","Between 216 and 265","62","0.64, 0.65, 0.64, 0.64, 0.65, 0.65, 0.65, 0.65, 0.65, 0.65, 0.65, 0.65, 0.65, 0.65, 0.65, 0.65, 0.65, 0.65, 0.64, 0.64, 0.64, 0.64, 0.64, 0.64, 0.64, 0.62, 0.62, 0.6, 0.61, 0.62, 0.62","2024-10-25Z","2024-11-21Z","2025-01-08Z"
1901,"EW DE 2025 election","D","Between 266 and 315","15","0.19, 0.18, 0.18, 0.18, 0.18, 0.18, 0.18, 0.18, 0.18, 0.18, 0.18, 0.18, 0.18, 0.16, 0.16, 0.16, 0.16, 0.16, 0.15, 0.15, 0.15, 0.15, 0.15, 0.15, 0.15, 0.16, 0.16, 0.17, 0.16, 0.15, 0.15","2024-10-25Z","2024-11-21Z","2025-01-08Z"
1901,"EW DE 2025 election","E","More than 315","0","0, 0, 0, 0, 0, 0, 0, 0, 0, 0, 0, 0, 0, 0, 0, 0, 0, 0, 0, 0, 0, 0, 0, 0, 0, 0, 0, 0, 0, 0, 0","2024-10-25Z","2024-11-21Z","2025-01-08Z"
1902,"EW CN 2025 inflation","A","Less than 0.00%","18","0.18, 0.18, 0.18, 0.18, 0.17, 0.17, 0.17, 0.17, 0.17, 0.17, 0.17, 0.18, 0.18, 0.17, 0.17, 0.17, 0.17, 0.17, 0.17, 0.17, 0.17, 0.17, 0.17, 0.17, 0.17, 0.17, 0.17, 0.17, 0.17, 0.18, 0.18","2024-10-31Z","2024-11-21Z","2025-01-08Z"
1902,"EW CN 2025 inflation","B","At least 0.00%, but less than 1.00%","44","0.44, 0.44, 0.44, 0.44, 0.44, 0.44, 0.44, 0.44, 0.44, 0.45, 0.44, 0.44, 0.44, 0.45, 0.45, 0.45, 0.45, 0.45, 0.45, 0.45, 0.45, 0.45, 0.45, 0.45, 0.45, 0.45, 0.45, 0.45, 0.45, 0.45, 0.44","2024-10-31Z","2024-11-21Z","2025-01-08Z"
1902,"EW CN 2025 inflation","C","At least 1.00%, but less than 2.00%","30","0.3, 0.3, 0.3, 0.3, 0.3, 0.3, 0.3, 0.3, 0.3, 0.29, 0.3, 0.29, 0.29, 0.3, 0.3, 0.3, 0.3, 0.3, 0.3, 0.3, 0.3, 0.3, 0.3, 0.3, 0.3, 0.3, 0.3, 0.3, 0.3, 0.29, 0.3","2024-10-31Z","2024-11-21Z","2025-01-08Z"
1902,"EW CN 2025 inflation","D","At least 2.00%, but less than 3.00%","7","0.07, 0.07, 0.07, 0.07, 0.08, 0.08, 0.08, 0.08, 0.08, 0.08, 0.08, 0.08, 0.08, 0.07, 0.07, 0.07, 0.07, 0.07, 0.07, 0.07, 0.07, 0.07, 0.07, 0.07, 0.07, 0.07, 0.07, 0.07, 0.07, 0.07, 0.07","2024-10-31Z","2024-11-21Z","2025-01-08Z"
1902,"EW CN 2025 inflation","E","3.00% or higher","1","0.01, 0.01, 0.01, 0.01, 0.01, 0.01, 0.01, 0.01, 0.01, 0.01, 0.01, 0.01, 0.01, 0.01, 0.01, 0.01, 0.01, 0.01, 0.01, 0.01, 0.01, 0.01, 0.01, 0.01, 0.01, 0.01, 0.01, 0.01, 0.01, 0.01, 0.01","2024-10-31Z","2024-11-21Z","2025-01-08Z"
1903,"EW MM HoG cease","A","Yes","8","0.05, 0.05, 0.05, 0.05, 0.06, 0.06, 0.06, 0.06, 0.06, 0.06, 0.08, 0.08, 0.08, 0.08, 0.08, 0.08, 0.08, 0.08, 0.08, 0.08, 0.08, 0.08, 0.08, 0.08, 0.08, 0.08, 0.08, 0.08, 0.08, 0.08, 0.08","2024-10-31Z","2024-11-21Z","2025-01-08Z"
1903,"EW MM HoG cease","B","No","92","0.95, 0.95, 0.95, 0.95, 0.94, 0.94, 0.94, 0.94, 0.94, 0.94, 0.92, 0.92, 0.92, 0.92, 0.92, 0.92, 0.92, 0.92, 0.92, 0.92, 0.92, 0.92, 0.92, 0.92, 0.92, 0.92, 0.92, 0.92, 0.92, 0.92, 0.92","2024-10-31Z","2024-11-21Z","2025-01-08Z"
1904,"EW WD 2025 anomaly","A","Less than 0.90°C","1","0.01, 0.01, 0.01, 0.01, 0.01, 0.01, 0.01, 0.01, 0.01, 0.02, 0.02, 0.02, 0.02, 0.02, 0.01, 0.01, 0.01, 0.01, 0.01, 0.01, 0.01, 0.01, 0.01, 0.01, 0.01, 0.01, 0.01, 0.01, 0.01, 0.01, 0.01","2024-10-31Z","2024-11-21Z","2025-01-08Z"
1904,"EW WD 2025 anomaly","B","At least 0.90°C, but less than 1.1°C","18","0.26, 0.26, 0.26, 0.26, 0.25, 0.25, 0.25, 0.25, 0.25, 0.23, 0.23, 0.23, 0.23, 0.23, 0.23, 0.23, 0.21, 0.21, 0.21, 0.21, 0.21, 0.21, 0.21, 0.21, 0.2, 0.2, 0.2, 0.2, 0.2, 0.2, 0.18","2024-10-31Z","2024-11-21Z","2025-01-08Z"
1904,"EW WD 2025 anomaly","C","At least 1.10°C, but less than 1.30°C","57","0.51, 0.51, 0.51, 0.51, 0.52, 0.52, 0.52, 0.52, 0.52, 0.51, 0.51, 0.51, 0.51, 0.51, 0.52, 0.52, 0.53, 0.53, 0.53, 0.53, 0.53, 0.53, 0.53, 0.53, 0.56, 0.56, 0.56, 0.56, 0.56, 0.56, 0.57","2024-10-31Z","2024-11-21Z","2025-01-08Z"
1904,"EW WD 2025 anomaly","D","At least 1.30°C, but less than 1.50°C","23","0.21, 0.21, 0.21, 0.21, 0.21, 0.21, 0.21, 0.21, 0.21, 0.22, 0.22, 0.22, 0.22, 0.22, 0.22, 0.22, 0.23, 0.23, 0.23, 0.23, 0.23, 0.23, 0.23, 0.23, 0.22, 0.22, 0.22, 0.22, 0.22, 0.22, 0.23","2024-10-31Z","2024-11-21Z","2025-01-08Z"
1904,"EW WD 2025 anomaly","E","1.50°C or more","1","0.01, 0.01, 0.01, 0.01, 0.01, 0.01, 0.01, 0.01, 0.01, 0.02, 0.02, 0.02, 0.02, 0.02, 0.02, 0.02, 0.02, 0.02, 0.02, 0.02, 0.02, 0.02, 0.02, 0.02, 0.01, 0.01, 0.01, 0.01, 0.01, 0.01, 0.01","2024-10-31Z","2024-11-21Z","2025-01-08Z"
1906,"EW CN 2025 GDP","A","Less than 2.25%","2","0.02, 0.02, 0.02, 0.02, 0.01, 0.01, 0.01, 0.01, 0.01, 0.01, 0.01, 0.01, 0.01, 0.01, 0.02, 0.02, 0.02, 0.02, 0.02, 0.02, 0.02, 0.02, 0.02, 0.02, 0.02, 0.02, 0.02, 0.02, 0.02, 0.02, 0.02","2024-10-31Z","2024-11-21Z","2025-01-08Z"
1906,"EW CN 2025 GDP","B","At least 2.25%, but less than 3.50%","6","0.1, 0.1, 0.1, 0.1, 0.09, 0.09, 0.09, 0.09, 0.09, 0.08, 0.07, 0.07, 0.08, 0.07, 0.07, 0.07, 0.07, 0.07, 0.07, 0.07, 0.07, 0.07, 0.07, 0.07, 0.06, 0.06, 0.06, 0.06, 0.06, 0.06, 0.06","2024-10-31Z","2024-11-21Z","2025-01-08Z"
1906,"EW CN 2025 GDP","C","At least 3.50%, but less than 4.75%","54","0.51, 0.51, 0.51, 0.52, 0.54, 0.54, 0.52, 0.52, 0.51, 0.51, 0.51, 0.51, 0.51, 0.51, 0.51, 0.51, 0.51, 0.51, 0.51, 0.51, 0.51, 0.51, 0.51, 0.51, 0.54, 0.54, 0.54, 0.54, 0.54, 0.54, 0.54","2024-10-31Z","2024-11-21Z","2025-01-08Z"
1906,"EW CN 2025 GDP","D","At least 4.75%, but less than 6.00%","37","0.35, 0.35, 0.35, 0.34, 0.34, 0.34, 0.36, 0.36, 0.37, 0.37, 0.38, 0.38, 0.37, 0.38, 0.38, 0.38, 0.38, 0.38, 0.38, 0.38, 0.38, 0.38, 0.38, 0.38, 0.37, 0.37, 0.37, 0.37, 0.37, 0.37, 0.37","2024-10-31Z","2024-11-21Z","2025-01-08Z"
1906,"EW CN 2025 GDP","E","6.00% or higher","1","0.02, 0.02, 0.02, 0.02, 0.02, 0.02, 0.02, 0.02, 0.02, 0.03, 0.03, 0.03, 0.03, 0.03, 0.02, 0.02, 0.02, 0.02, 0.02, 0.02, 0.02, 0.02, 0.02, 0.02, 0.01, 0.01, 0.01, 0.01, 0.01, 0.01, 0.01","2024-10-31Z","2024-11-21Z","2025-01-08Z"
1908,"Fed Mar25 rate","A","Lower","30","0.43, 0.43, 0.43, 0.5, 0.5, 0.5, 0.5, 0.5, 0.5, 0.5, 0.5, 0.39, 0.36, 0.36, 0.36, 0.35, 0.35, 0.35, 0.34, 0.34, 0.34, 0.34, 0.34, 0.35, 0.35, 0.35, 0.35, 0.33, 0.33, 0.33, 0.3","2024-11-15Z","2024-11-18Z","2025-01-08Z"
1908,"Fed Mar25 rate","B","Same","70","0.57, 0.57, 0.57, 0.5, 0.5, 0.5, 0.5, 0.5, 0.5, 0.5, 0.5, 0.61, 0.64, 0.64, 0.64, 0.65, 0.65, 0.65, 0.66, 0.66, 0.66, 0.66, 0.66, 0.65, 0.65, 0.65, 0.65, 0.67, 0.67, 0.67, 0.7","2024-11-15Z","2024-11-18Z","2025-01-08Z"
1908,"Fed Mar25 rate","C","Higher","0","0, 0, 0, 0, 0, 0, 0, 0, 0, 0, 0, 0, 0, 0, 0, 0, 0, 0, 0, 0, 0, 0, 0, 0, 0, 0, 0, 0, 0, 0, 0","2024-11-15Z","2024-11-18Z","2025-01-08Z"
1911,"GR US Congress 2026","A","Democrats will control the House and Senate","17","0.17, 0.17, 0.16, 0.17, 0.17, 0.17, 0.15, 0.16, 0.16, 0.15, 0.15, 0.15, 0.15, 0.15, 0.14, 0.14, 0.14, 0.14, 0.14, 0.14, 0.14, 0.14, 0.15, 0.16, 0.15, 0.15, 0.15, 0.16, 0.16, 0.16, 0.17","2024-11-15Z","2024-11-18Z","2025-01-08Z"
1911,"GR US Congress 2026","B","Democrats will control the House, Republicans the Senate","51","0.53, 0.53, 0.53, 0.53, 0.53, 0.53, 0.54, 0.54, 0.54, 0.54, 0.54, 0.54, 0.54, 0.54, 0.54, 0.54, 0.54, 0.54, 0.54, 0.54, 0.54, 0.54, 0.54, 0.54, 0.54, 0.54, 0.54, 0.52, 0.52, 0.52, 0.51","2024-11-15Z","2024-11-18Z","2025-01-08Z"
1911,"GR US Congress 2026","C","Republicans will control the House, Democrats the Senate","4","0.03, 0.03, 0.03, 0.03, 0.03, 0.03, 0.02, 0.02, 0.02, 0.03, 0.03, 0.03, 0.03, 0.03, 0.04, 0.04, 0.04, 0.04, 0.04, 0.04, 0.04, 0.04, 0.04, 0.02, 0.03, 0.03, 0.03, 0.04, 0.04, 0.04, 0.04","2024-11-15Z","2024-11-18Z","2025-01-08Z"
1911,"GR US Congress 2026","D","Republicans will control the House and Senate","28","0.27, 0.27, 0.28, 0.27, 0.27, 0.27, 0.29, 0.28, 0.28, 0.28, 0.28, 0.28, 0.28, 0.28, 0.28, 0.28, 0.28, 0.28, 0.28, 0.28, 0.28, 0.28, 0.27, 0.28, 0.28, 0.28, 0.28, 0.28, 0.28, 0.28, 0.28","2024-11-15Z","2024-11-18Z","2025-01-08Z"
1912,"GR US Trump cease","A","Before 20 January 2027","3","0.03, 0.03, 0.03, 0.03, 0.03, 0.03, 0.03, 0.03, 0.03, 0.03, 0.03, 0.03, 0.03, 0.03, 0.03, 0.03, 0.03, 0.03, 0.03, 0.03, 0.03, 0.03, 0.03, 0.03, 0.03, 0.03, 0.03, 0.03, 0.03, 0.03, 0.03","2024-11-22Z","2024-12-06Z","2025-01-08Z"
1912,"GR US Trump cease","B","Between 20 January 2027 and 19 January 2029","8","0.08, 0.08, 0.08, 0.08, 0.08, 0.08, 0.08, 0.08, 0.08, 0.09, 0.09, 0.09, 0.09, 0.09, 0.09, 0.09, 0.09, 0.09, 0.09, 0.09, 0.09, 0.09, 0.09, 0.08, 0.08, 0.08, 0.08, 0.08, 0.08, 0.08, 0.08","2024-11-22Z","2024-12-06Z","2025-01-08Z"
1912,"GR US Trump cease","C","Not before 20 January 2029","89","0.89, 0.89, 0.89, 0.89, 0.89, 0.89, 0.89, 0.89, 0.89, 0.88, 0.88, 0.88, 0.88, 0.88, 0.88, 0.88, 0.88, 0.88, 0.88, 0.88, 0.88, 0.88, 0.88, 0.89, 0.89, 0.89, 0.89, 0.89, 0.89, 0.89, 0.89","2024-11-22Z","2024-12-06Z","2025-01-08Z"
1922,"GR US SupCt vacancy v3","A","Yes, and a replacement Justice will be sworn in before 6 October 2025","4","0.05, 0.05, 0.05, 0.05, 0.05, 0.05, 0.05, 0.05, 0.05, 0.05, 0.05, 0.04, 0.04, 0.04, 0.04, 0.04, 0.04, 0.04, 0.04, 0.04, 0.04, 0.04, 0.04, 0.04, 0.05, 0.05, 0.05, 0.04, 0.04, 0.04, 0.04","2024-12-06Z","2024-12-06Z","2025-01-08Z"
1922,"GR US SupCt vacancy v3","B","Yes, but no replacement Justice will be sworn in before 6 October 2025","1","0.03, 0.03, 0.03, 0.03, 0.03, 0.03, 0.03, 0.03, 0.03, 0.03, 0.03, 0.03, 0.03, 0.03, 0.03, 0.03, 0.03, 0.03, 0.03, 0.03, 0.03, 0.03, 0.03, 0.03, 0.02, 0.02, 0.02, 0.01, 0.01, 0.01, 0.01","2024-12-06Z","2024-12-06Z","2025-01-08Z"
1922,"GR US SupCt vacancy v3","C","No","95","0.92, 0.92, 0.92, 0.92, 0.92, 0.92, 0.92, 0.92, 0.92, 0.92, 0.92, 0.93, 0.93, 0.93, 0.93, 0.93, 0.93, 0.93, 0.93, 0.93, 0.93, 0.93, 0.93, 0.93, 0.93, 0.93, 0.93, 0.95, 0.95, 0.95, 0.95","2024-12-06Z","2024-12-06Z","2025-01-08Z"
1923,"GR US WD tariff","A","Less than 2.00%","0","0, 0, 0, 0, 0, 0, 0, 0, 0, 0, 0, 0, 0, 0, 0, 0, 0, 0, 0, 0, 0, 0, 0, 0, 0, 0, 0, 0, 0, 0, 0","2024-12-13Z","2024-12-13Z","2025-01-08Z"
1923,"GR US WD tariff","B","At least 2.00%, but less than 3.00%","29","0.19, 0.25, 0.25, 0.28, 0.31, 0.31, 0.3, 0.3, 0.31, 0.3, 0.3, 0.3, 0.3, 0.3, 0.3, 0.3, 0.3, 0.3, 0.3, 0.27, 0.27, 0.29, 0.29, 0.29, 0.29, 0.29, 0.29, 0.29, 0.29, 0.29, 0.29","2024-12-13Z","2024-12-13Z","2025-01-08Z"
1923,"GR US WD tariff","C","At least 3.00%, but less than 4.50%","56","0.5, 0.53, 0.53, 0.53, 0.53, 0.53, 0.53, 0.53, 0.54, 0.55, 0.55, 0.55, 0.55, 0.55, 0.55, 0.55, 0.55, 0.55, 0.55, 0.56, 0.56, 0.55, 0.55, 0.55, 0.55, 0.55, 0.55, 0.56, 0.56, 0.56, 0.56","2024-12-13Z","2024-12-13Z","2025-01-08Z"
1923,"GR US WD tariff","D","At least 4.50%, but less than 6.00%","14","0.28, 0.2, 0.2, 0.18, 0.14, 0.14, 0.15, 0.15, 0.14, 0.14, 0.14, 0.14, 0.14, 0.14, 0.14, 0.14, 0.14, 0.14, 0.14, 0.15, 0.15, 0.15, 0.15, 0.15, 0.15, 0.15, 0.15, 0.14, 0.14, 0.14, 0.14","2024-12-13Z","2024-12-13Z","2025-01-08Z"
1923,"GR US WD tariff","E","6.00% or more","1","0.03, 0.02, 0.02, 0.01, 0.02, 0.02, 0.02, 0.02, 0.01, 0.01, 0.01, 0.01, 0.01, 0.01, 0.01, 0.01, 0.01, 0.01, 0.01, 0.02, 0.02, 0.01, 0.01, 0.01, 0.01, 0.01, 0.01, 0.01, 0.01, 0.01, 0.01","2024-12-13Z","2024-12-13Z","2025-01-08Z"
1924,"GR US CA tariff","A","Less than 0.500%","32","null, null, null, null, null, 0.25, 0.17, 0.28, 0.26, 0.28, 0.27, 0.41, 0.41, 0.42, 0.34, 0.35, 0.35, 0.35, 0.35, 0.35, 0.32, 0.32, 0.35, 0.35, 0.32, 0.32, 0.32, 0.32, 0.32, 0.32, 0.32","2024-12-20Z","2024-12-20Z","2025-01-08Z"
1924,"GR US CA tariff","B","At least 0.500%, but less than 1.500%","39","null, null, null, null, null, 0.45, 0.46, 0.44, 0.41, 0.41, 0.41, 0.38, 0.38, 0.38, 0.39, 0.39, 0.39, 0.39, 0.39, 0.39, 0.4, 0.4, 0.39, 0.39, 0.4, 0.4, 0.4, 0.4, 0.39, 0.39, 0.39","2024-12-20Z","2024-12-20Z","2025-01-08Z"
1924,"GR US CA tariff","C","At least 1.500%, but less than 7.500%","25","null, null, null, null, null, 0.24, 0.31, 0.22, 0.25, 0.25, 0.25, 0.16, 0.16, 0.15, 0.21, 0.2, 0.2, 0.2, 0.2, 0.2, 0.24, 0.24, 0.22, 0.22, 0.24, 0.24, 0.24, 0.24, 0.25, 0.25, 0.25","2024-12-20Z","2024-12-20Z","2025-01-08Z"
1924,"GR US CA tariff","D","At least 7.500%, but less than 15.000%","3","null, null, null, null, null, 0.05, 0.05, 0.05, 0.06, 0.05, 0.05, 0.03, 0.03, 0.03, 0.04, 0.04, 0.04, 0.04, 0.04, 0.04, 0.03, 0.03, 0.03, 0.03, 0.03, 0.03, 0.03, 0.03, 0.03, 0.03, 0.03","2024-12-20Z","2024-12-20Z","2025-01-08Z"
1924,"GR US CA tariff","E","15.000% or more","1","null, null, null, null, null, 0.01, 0.01, 0.01, 0.02, 0.01, 0.02, 0.02, 0.02, 0.02, 0.02, 0.02, 0.02, 0.02, 0.02, 0.02, 0.01, 0.01, 0.01, 0.01, 0.01, 0.01, 0.01, 0.01, 0.01, 0.01, 0.01","2024-12-20Z","2024-12-20Z","2025-01-08Z"
1925,"GR US MX tariff","A","Less than 0.500%","39","null, null, null, null, null, null, 0.15, 0.18, 0.18, 0.18, 0.15, 0.23, 0.3, 0.36, 0.32, 0.31, 0.31, 0.31, 0.31, 0.31, 0.34, 0.34, 0.39, 0.39, 0.39, 0.39, 0.41, 0.4, 0.4, 0.41, 0.39","2024-12-20Z","2024-12-20Z","2025-01-08Z"
1925,"GR US MX tariff","B","At least 0.500%, but less than 1.500%","35","null, null, null, null, null, null, 0.4, 0.4, 0.37, 0.37, 0.37, 0.39, 0.38, 0.37, 0.35, 0.35, 0.35, 0.35, 0.34, 0.34, 0.35, 0.35, 0.33, 0.33, 0.33, 0.33, 0.33, 0.35, 0.35, 0.33, 0.35","2024-12-20Z","2024-12-20Z","2025-01-08Z"
1925,"GR US MX tariff","C","At least 1.500%, but less than 7.500%","21","null, null, null, null, null, null, 0.32, 0.33, 0.31, 0.32, 0.35, 0.32, 0.26, 0.2, 0.28, 0.29, 0.29, 0.29, 0.3, 0.3, 0.25, 0.25, 0.22, 0.22, 0.22, 0.22, 0.2, 0.2, 0.2, 0.21, 0.21","2024-12-20Z","2024-12-20Z","2025-01-08Z"
1925,"GR US MX tariff","D","At least 7.500%, but less than 15.000%","4","null, null, null, null, null, null, 0.08, 0.08, 0.1, 0.11, 0.11, 0.04, 0.04, 0.05, 0.04, 0.04, 0.04, 0.04, 0.04, 0.04, 0.05, 0.05, 0.05, 0.05, 0.05, 0.05, 0.05, 0.04, 0.04, 0.04, 0.04","2024-12-20Z","2024-12-20Z","2025-01-08Z"
1925,"GR US MX tariff","E","15.000% or more","1","null, null, null, null, null, null, 0.05, 0.01, 0.04, 0.02, 0.02, 0.02, 0.02, 0.02, 0.01, 0.01, 0.01, 0.01, 0.01, 0.01, 0.01, 0.01, 0.01, 0.01, 0.01, 0.01, 0.01, 0.01, 0.01, 0.01, 0.01","2024-12-20Z","2024-12-20Z","2025-01-08Z"
1926,"GR US CN tariff","A","Less than 10.000%","1","null, null, null, null, null, null, 0.02, 0.02, 0.02, 0.03, 0.03, 0.02, 0.02, 0.02, 0.02, 0.02, 0.02, 0.02, 0.01, 0.01, 0.01, 0.01, 0.01, 0.01, 0.01, 0.01, 0.01, 0.01, 0.01, 0.01, 0.01","2024-12-20Z","2024-12-20Z","2025-01-08Z"
1926,"GR US CN tariff","B","At least 10.000%, but less than 15.000%","29","null, null, null, null, null, null, 0.2, 0.24, 0.25, 0.22, 0.21, 0.23, 0.3, 0.3, 0.3, 0.3, 0.3, 0.3, 0.3, 0.3, 0.29, 0.29, 0.29, 0.29, 0.29, 0.29, 0.29, 0.29, 0.29, 0.29, 0.29","2024-12-20Z","2024-12-20Z","2025-01-08Z"
1926,"GR US CN tariff","C","At least 15.000%, but less than 20.000%","30","null, null, null, null, null, null, 0.25, 0.25, 0.25, 0.27, 0.26, 0.27, 0.25, 0.25, 0.25, 0.25, 0.25, 0.25, 0.26, 0.26, 0.29, 0.29, 0.29, 0.29, 0.3, 0.3, 0.3, 0.3, 0.3, 0.3, 0.3","2024-12-20Z","2024-12-20Z","2025-01-08Z"
1926,"GR US CN tariff","D","At least 20.000%, but less than 25.000%","23","null, null, null, null, null, null, 0.28, 0.25, 0.28, 0.28, 0.28, 0.28, 0.23, 0.23, 0.23, 0.23, 0.23, 0.23, 0.23, 0.23, 0.22, 0.22, 0.22, 0.22, 0.23, 0.23, 0.23, 0.23, 0.23, 0.23, 0.23","2024-12-20Z","2024-12-20Z","2025-01-08Z"
1926,"GR US CN tariff","E","25.000% or more","17","null, null, null, null, null, null, 0.25, 0.24, 0.2, 0.2, 0.22, 0.2, 0.2, 0.2, 0.2, 0.2, 0.2, 0.2, 0.2, 0.2, 0.19, 0.19, 0.19, 0.19, 0.17, 0.17, 0.17, 0.17, 0.17, 0.17, 0.17","2024-12-20Z","2024-12-20Z","2025-01-08Z"
1927,"GR US EU tariff","A","Less than 1.000%","0","null, null, null, null, null, null, null, null, null, null, null, null, null, 0, 0, 0, 0, 0, 0, 0, 0, 0, 0, 0, 0, 0, 0, 0, 0, 0, 0","2024-12-27Z","2024-12-27Z","2025-01-08Z"
1927,"GR US EU tariff","B","At least 1.000%, but less than 1.500%","24","null, null, null, null, null, null, null, null, null, null, null, null, null, 0.23, 0.23, 0.23, 0.23, 0.23, 0.23, 0.22, 0.22, 0.22, 0.22, 0.22, 0.23, 0.23, 0.23, 0.23, 0.23, 0.23, 0.24","2024-12-27Z","2024-12-27Z","2025-01-08Z"
1927,"GR US EU tariff","C","At least 1.500%, but less than 5.000%","60","null, null, null, null, null, null, null, null, null, null, null, null, null, 0.6, 0.6, 0.6, 0.6, 0.6, 0.6, 0.61, 0.61, 0.61, 0.61, 0.61, 0.6, 0.6, 0.6, 0.6, 0.6, 0.6, 0.6","2024-12-27Z","2024-12-27Z","2025-01-08Z"
1927,"GR US EU tariff","D","At least 5.000%, but less than 15.000%","14","null, null, null, null, null, null, null, null, null, null, null, null, null, 0.14, 0.14, 0.14, 0.14, 0.14, 0.14, 0.15, 0.15, 0.15, 0.15, 0.15, 0.15, 0.15, 0.15, 0.15, 0.15, 0.15, 0.14","2024-12-27Z","2024-12-27Z","2025-01-08Z"
1927,"GR US EU tariff","E","15.000% or more","2","null, null, null, null, null, null, null, null, null, null, null, null, null, 0.03, 0.03, 0.03, 0.03, 0.03, 0.03, 0.02, 0.02, 0.02, 0.02, 0.02, 0.02, 0.02, 0.02, 0.02, 0.02, 0.02, 0.02","2024-12-27Z","2024-12-27Z","2025-01-08Z"
1928,"Fed May25 rate","A","Lower","31","null, null, null, null, null, null, null, null, null, null, null, null, 0.4, 0.38, 0.37, 0.36, 0.35, 0.33, 0.33, 0.33, 0.33, 0.33, 0.33, 0.33, 0.33, 0.33, 0.33, 0.33, 0.31, 0.31, 0.31","2024-12-27Z","2024-12-27Z","2025-01-08Z"
1928,"Fed May25 rate","B","Same","69","null, null, null, null, null, null, null, null, null, null, null, null, 0.6, 0.61, 0.63, 0.64, 0.65, 0.67, 0.67, 0.67, 0.67, 0.67, 0.67, 0.67, 0.67, 0.67, 0.67, 0.67, 0.69, 0.69, 0.69","2024-12-27Z","2024-12-27Z","2025-01-08Z"
1928,"Fed May25 rate","C","Higher","0","null, null, null, null, null, null, null, null, null, null, null, null, 0, 0.01, 0, 0, 0, 0, 0, 0, 0, 0, 0, 0, 0, 0, 0, 0, 0, 0, 0","2024-12-27Z","2024-12-27Z","2025-01-08Z"
1929,"ECB Jan25 rate","A","Less than 2.50%","0","null, null, null, null, null, null, null, null, null, null, null, null, 0, 0, 0, 0, 0, 0, 0, 0, 0, 0, 0, 0, 0, 0, 0, 0, 0, 0, 0","2024-12-27Z","2024-12-27Z","2025-01-08Z"
1929,"ECB Jan25 rate","B","At least 2.50%, but less than 2.75%","0","null, null, null, null, null, null, null, null, null, null, null, null, 0, 0, 0.01, 0.01, 0.01, 0.01, 0.01, 0.01, 0.01, 0.01, 0.01, 0, 0, 0, 0, 0, 0, 0, 0","2024-12-27Z","2024-12-27Z","2025-01-08Z"
1929,"ECB Jan25 rate","C","At least 2.75%, but less than 3.00%","81","null, null, null, null, null, null, null, null, null, null, null, null, 0.85, 0.8, 0.82, 0.82, 0.82, 0.82, 0.82, 0.81, 0.81, 0.79, 0.79, 0.81, 0.82, 0.82, 0.82, 0.82, 0.82, 0.82, 0.81","2024-12-27Z","2024-12-27Z","2025-01-08Z"
1929,"ECB Jan25 rate","D","At least 3.00%, but less than 3.25%","19","null, null, null, null, null, null, null, null, null, null, null, null, 0.15, 0.2, 0.17, 0.17, 0.17, 0.17, 0.17, 0.18, 0.18, 0.2, 0.2, 0.19, 0.18, 0.18, 0.18, 0.18, 0.18, 0.18, 0.19","2024-12-27Z","2024-12-27Z","2025-01-08Z"
1929,"ECB Jan25 rate","E","3.25% or higher","0","null, null, null, null, null, null, null, null, null, null, null, null, 0, 0, 0, 0, 0, 0, 0, 0, 0, 0, 0, 0, 0, 0, 0, 0, 0, 0, 0","2024-12-27Z","2024-12-27Z","2025-01-08Z"
1930,"BOJ Jan25 rate","A","Less than 0.25%","0","null, null, null, null, null, null, null, null, null, null, null, null, 0, 0, 0, 0, 0, 0, 0, 0, 0, 0, 0, 0, 0, 0, 0, 0, 0, 0, 0","2024-12-27Z","2024-12-27Z","2025-01-08Z"
1930,"BOJ Jan25 rate","B","0.25%","70","null, null, null, null, null, null, null, null, null, null, null, null, 0.7, 0.65, 0.67, 0.68, 0.68, 0.69, 0.69, 0.71, 0.72, 0.71, 0.71, 0.71, 0.71, 0.71, 0.71, 0.71, 0.71, 0.7, 0.7","2024-12-27Z","2024-12-27Z","2025-01-08Z"
1930,"BOJ Jan25 rate","C","More than 0.25%, but less than 0.50%","10","null, null, null, null, null, null, null, null, null, null, null, null, 0.3, 0.16, 0.14, 0.15, 0.15, 0.14, 0.14, 0.17, 0.15, 0.16, 0.16, 0.11, 0.11, 0.11, 0.11, 0.14, 0.14, 0.1, 0.1","2024-12-27Z","2024-12-27Z","2025-01-08Z"
1930,"BOJ Jan25 rate","D","0.50% or more","20","null, null, null, null, null, null, null, null, null, null, null, null, 0, 0.19, 0.19, 0.17, 0.17, 0.17, 0.17, 0.12, 0.13, 0.13, 0.13, 0.18, 0.18, 0.18, 0.18, 0.15, 0.15, 0.2, 0.2","2024-12-27Z","2024-12-27Z","2025-01-08Z"
1931,"BoE Feb25 rate","A","Less than 4.25%","0","null, null, null, null, null, null, null, null, null, null, null, null, 0, 0, 0, 0, 0, 0, 0, 0, 0, 0, 0, 0, 0, 0, 0, 0, 0, 0, 0","2024-12-27Z","2024-12-27Z","2025-01-08Z"
1931,"BoE Feb25 rate","B","At least 4.25%, but less than 4.50%","0","null, null, null, null, null, null, null, null, null, null, null, null, 0, 0, 0, 0, 0, 0, 0, 0, 0, 0, 0, 0, 0, 0, 0, 0, 0, 0, 0","2024-12-27Z","2024-12-27Z","2025-01-08Z"
1931,"BoE Feb25 rate","C","At least 4.50%, but less than 4.75%","60","null, null, null, null, null, null, null, null, null, null, null, null, 0.55, 0.55, 0.58, 0.58, 0.58, 0.58, 0.58, 0.45, 0.45, 0.42, 0.42, 0.39, 0.39, 0.45, 0.66, 0.65, 0.65, 0.63, 0.6","2024-12-27Z","2024-12-27Z","2025-01-08Z"
1931,"BoE Feb25 rate","D","At least 4.75%, but less than 5.00%","40","null, null, null, null, null, null, null, null, null, null, null, null, 0.45, 0.45, 0.42, 0.42, 0.42, 0.42, 0.42, 0.55, 0.55, 0.58, 0.58, 0.61, 0.61, 0.55, 0.34, 0.35, 0.35, 0.37, 0.4","2024-12-27Z","2024-12-27Z","2025-01-08Z"
1931,"BoE Feb25 rate","E","5.00% or more","0","null, null, null, null, null, null, null, null, null, null, null, null, 0, 0, 0, 0, 0, 0, 0, 0, 0, 0, 0, 0, 0, 0, 0, 0, 0, 0, 0","2024-12-27Z","2024-12-27Z","2025-01-08Z"
1932,"GR US Trump Cabinet","A","Zero","56","null, null, null, null, null, null, null, null, null, null, null, null, null, null, null, null, null, null, null, 0.12, 0.21, 0.25, 0.3, 0.45, 0.5, 0.54, 0.54, 0.54, 0.54, 0.53, 0.56","2025-01-03Z","2025-01-03Z","2025-01-08Z"
1932,"GR US Trump Cabinet","B","One","31","null, null, null, null, null, null, null, null, null, null, null, null, null, null, null, null, null, null, null, 0.2, 0.31, 0.34, 0.32, 0.32, 0.36, 0.34, 0.34, 0.31, 0.31, 0.33, 0.31","2025-01-03Z","2025-01-03Z","2025-01-08Z"
1932,"GR US Trump Cabinet","C","Two","11","null, null, null, null, null, null, null, null, null, null, null, null, null, null, null, null, null, null, null, 0.25, 0.25, 0.29, 0.28, 0.18, 0.12, 0.1, 0.1, 0.12, 0.12, 0.11, 0.11","2025-01-03Z","2025-01-03Z","2025-01-08Z"
1932,"GR US Trump Cabinet","D","Three or four","2","null, null, null, null, null, null, null, null, null, null, null, null, null, null, null, null, null, null, null, 0.3, 0.2, 0.11, 0.1, 0.05, 0.02, 0.02, 0.02, 0.03, 0.03, 0.03, 0.02","2025-01-03Z","2025-01-03Z","2025-01-08Z"
1932,"GR US Trump Cabinet","E","Five or more","0","null, null, null, null, null, null, null, null, null, null, null, null, null, null, null, null, null, null, null, 0.13, 0.03, 0.01, 0, 0, 0, 0, 0, 0, 0, 0, 0","2025-01-03Z","2025-01-03Z","2025-01-08Z"
1933,"GR US shutdown v2","A","Yes","5","null, null, null, null, null, null, null, null, null, null, null, null, null, null, null, null, null, null, null, null, null, null, null, null, null, null, 0.06, 0.05, 0.06, 0.05, 0.05","2025-01-10Z","2025-01-03Z","2025-01-08Z"
1933,"GR US shutdown v2","B","No","95","null, null, null, null, null, null, null, null, null, null, null, null, null, null, null, null, null, null, null, null, null, null, null, null, null, null, 0.94, 0.95, 0.94, 0.95, 0.95","2025-01-10Z","2025-01-03Z","2025-01-08Z"
